id,url,reposted,poster,reposts,comments,creat_at,text
'3552490224054793,http://api.t.sina.com.cn/1081934582/statuses/3552490224054793,数据挖掘_PHP,飞马云计算,0,0,2013-03-05 13:58:54,//@童小军_HD: Hadoop视频已经上传到百度网盘,同时视频下载地址已经更新到 EasyHadoop技术大学 页面。 http://t.cn/zY8JjWq
'3552487501489518,http://api.t.sina.com.cn/1921073862/statuses/3552487501489518,数据挖掘_PHP,微热闹,0,0,2013-03-05 13:48:04,//@yongsun: //@机器学习DeepLearning: 想学hadoop的看过来 //@童小军_HD: Hadoop视频已经上传到百度网盘,同时视频下载地址已经更新到 EasyHadoop技术大学 页面。 http://t.cn/zY8JjWq
'3552485949952338,http://api.t.sina.com.cn/1797257061/statuses/3552485949952338,数据挖掘_PHP,zhenxi1900,0,0,2013-03-05 13:41:55,//@肖镜辉_小肖: //@李明辉-baidu: //@ITNLP: //@徐君_: //@任勇_博士僧:m //@算文解字://@童小军_HD: Hadoop视频已经上传到百度网盘,同时视频下载地址已经更新到 EasyHadoop技术大学 页面。 http://t.cn/zY8JjWq
'3552483756185844,http://api.t.sina.com.cn/2013305835/statuses/3552483756185844,数据挖掘_PHP,skyline_lb,0,0,2013-03-05 13:33:12,//@孙毅_sam: mark~//@SaintAK: //@大数据皮东: 学习Hadoop的入门教材，感谢分享！ //@童小军_HD:Hadoop视频已经上传到百度网盘,同时视频下载地址已经更新到 EasyHadoop技术大学 页面。 http://t.cn/zY8JjWq
'3552483366297724,http://api.t.sina.com.cn/1756477081/statuses/3552483366297724,数据挖掘_PHP,BenLin_EYD,0,0,2013-03-05 13:31:38,//@SaintAK://@大数据皮东: 学习Hadoop的入门教材，感谢分享！ //@童小军_HD:Hadoop视频已经上传到百度网盘,同时视频下载地址已经更新到 EasyHadoop技术大学 页面。 http://t.cn/zY8JjWq
'3552482921446395,http://api.t.sina.com.cn/1414633972/statuses/3552482921446395,数据挖掘_PHP,长嗷嗷嗷,0,0,2013-03-05 13:29:52,//@吕凯进: //@同同爸://@童小军_HD: Hadoop视频已经上传到百度网盘,同时视频下载地址已经更新到 EasyHadoop技术大学 页面。 http://t.cn/zY8JjWq
'3552482427162128,http://api.t.sina.com.cn/1547417805/statuses/3552482427162128,数据挖掘_PHP,平八_万平,0,0,2013-03-05 13:27:54,//@数据挖掘_PHP: 功德无量，谢！//@Cloga在路上: //@卢二_UX:这个不支持，更待何时。[good]//@童小军_HD:Hadoop视频已经上传到百度网盘,同时视频下载地址已经更新到 EasyHadoop技术大学 页面。 http://t.cn/zY8JjWq
'3552480967569769,http://api.t.sina.com.cn/2039585891/statuses/3552480967569769,数据挖掘_PHP,_zhaorui_,0,0,2013-03-05 13:22:07,[good] //@大数据皮东:学习Hadoop的入门教材，感谢分享！ //@童小军_HD:Hadoop视频已经上传到百度网盘,同时视频下载地址已经更新到 EasyHadoop技术大学 页面。 http://t.cn/zY8JjWq
'3552480472226232,http://api.t.sina.com.cn/2008417905/statuses/3552480472226232,数据挖掘_PHP,Tandy小猪,0,0,2013-03-05 13:20:10,转起。。。 //@大数据皮东: 学习Hadoop的入门教材，感谢分享！ //@童小军_HD:Hadoop视频已经上传到百度网盘,同时视频下载地址已经更新到 EasyHadoop技术大学 页面。 http://t.cn/zY8JjWq
'3552480241309788,http://api.t.sina.com.cn/1657336777/statuses/3552480241309788,数据挖掘_PHP,yuerxin,0,0,2013-03-05 13:19:12,//@孙毅_sam:mark~//@SaintAK: //@大数据皮东: 学习Hadoop的入门教材，感谢分享！ //@童小军_HD:Hadoop视频已经上传到百度网盘,同时视频下载地址已经更新到 EasyHadoop技术大学 页面。 http://t.cn/zY8JjWq
'3552479843021860,http://api.t.sina.com.cn/1405519853/statuses/3552479843021860,数据挖掘_PHP,刘子兮,0,0,2013-03-05 13:17:38,//@孙毅_sam: mark~//@SaintAK: //@大数据皮东: 学习Hadoop的入门教材，感谢分享！ //@童小军_HD:Hadoop视频已经上传到百度网盘,同时视频下载地址已经更新到 EasyHadoop技术大学 页面。 http://t.cn/zY8JjWq
'3552479754726230,http://api.t.sina.com.cn/1614634362/statuses/3552479754726230,数据挖掘_PHP,孙毅_sam,3,0,2013-03-05 13:17:17,mark~//@SaintAK: //@大数据皮东: 学习Hadoop的入门教材，感谢分享！ //@童小军_HD:Hadoop视频已经上传到百度网盘,同时视频下载地址已经更新到 EasyHadoop技术大学 页面。 http://t.cn/zY8JjWq
'3552479541003851,http://api.t.sina.com.cn/1981804431/statuses/3552479541003851,数据挖掘_PHP,铁才,0,0,2013-03-05 13:16:27,//@__那谁__: //@大数据皮东:学习Hadoop的入门教材，感谢分享！ //@童小军_HD:Hadoop视频已经上传到百度网盘,同时视频下载地址已经更新到 EasyHadoop技术大学 页面。 http://t.cn/zY8JjWq
'3552479427540542,http://api.t.sina.com.cn/2099954333/statuses/3552479427540542,数据挖掘_PHP,colorful邵,0,2,2013-03-05 13:16:00,//@JunJieLi: //@王金龙VI: @mark //@数据挖掘_PHP:功德无量，谢！//@Cloga在路上: //@卢二_UX:这个不支持，更待何时。[good]//@童小军_HD:Hadoop视频已经上传到百度网盘,同时视频下载地址已经更新到 EasyHadoop技术大学 页面。 http://t.cn/zY8JjWq
'3552478223663333,http://api.t.sina.com.cn/1563496144/statuses/3552478223663333,数据挖掘_PHP,Y_owen,0,0,2013-03-05 13:11:12,//@大数据皮东: 学习Hadoop的入门教材，感谢分享！ //@童小军_HD:Hadoop视频已经上传到百度网盘,同时视频下载地址已经更新到 EasyHadoop技术大学 页面。 http://t.cn/zY8JjWq
'3552477808851906,http://api.t.sina.com.cn/1927498223/statuses/3552477808851906,数据挖掘_PHP,TaoXie谢小涛,0,0,2013-03-05 13:09:33, //@大数据皮东: 学习Hadoop的入门教材，感谢分享！ //@童小军_HD:Hadoop视频已经上传到百度网盘,同时视频下载地址已经更新到 EasyHadoop技术大学 页面。 http://t.cn/zY8JjWq
'3552477137498047,http://api.t.sina.com.cn/1404728061/statuses/3552477137498047,数据挖掘_PHP,SaintAK,2,0,2013-03-05 13:06:53,//@大数据皮东: 学习Hadoop的入门教材，感谢分享！ //@童小军_HD:Hadoop视频已经上传到百度网盘,同时视频下载地址已经更新到 EasyHadoop技术大学 页面。 http://t.cn/zY8JjWq
'3552476952931521,http://api.t.sina.com.cn/1642628345/statuses/3552476952931521,数据挖掘_PHP,__那谁__,1,0,2013-03-05 13:06:10,//@大数据皮东:学习Hadoop的入门教材，感谢分享！ //@童小军_HD:Hadoop视频已经上传到百度网盘,同时视频下载地址已经更新到 EasyHadoop技术大学 页面。 http://t.cn/zY8JjWq
'3552475317449823,http://api.t.sina.com.cn/1940667384/statuses/3552475317449823,数据挖掘_PHP,流年海岸,0,0,2013-03-05 12:59:40,mark
'3552474943925138,http://api.t.sina.com.cn/1560031712/statuses/3552474943925138,数据挖掘_PHP,卜浪Brown,0,0,2013-03-05 12:58:11,//@大数据皮东: 学习Hadoop的入门教材，感谢分享！ //@童小军_HD:Hadoop视频已经上传到百度网盘,同时视频下载地址已经更新到 EasyHadoop技术大学 页面。 http://t.cn/zY8JjWq
'3552474919371008,http://api.t.sina.com.cn/1844459530/statuses/3552474919371008,数据挖掘_PHP,维Ta命D,0,0,2013-03-05 12:58:04,//@大数据皮东:学习Hadoop的入门教材，感谢分享！ //@童小军_HD:Hadoop视频已经上传到百度网盘,同时视频下载地址已经更新到 EasyHadoop技术大学 页面。 http://t.cn/zY8JjWq
'3552474537038272,http://api.t.sina.com.cn/1978270113/statuses/3552474537038272,数据挖掘_PHP,大数据皮东,9,1,2013-03-05 12:56:33,学习Hadoop的入门教材，感谢分享！ //@童小军_HD:Hadoop视频已经上传到百度网盘,同时视频下载地址已经更新到 EasyHadoop技术大学 页面。 http://t.cn/zY8JjWq
'3552473744712607,http://api.t.sina.com.cn/1866810597/statuses/3552473744712607,数据挖掘_PHP,小浩生活家,0,0,2013-03-05 12:53:23,//@数据挖掘_PHP: 功德无量，谢！//@Cloga在路上: //@卢二_UX:这个不支持，更待何时。[good]//@童小军_HD:Hadoop视频已经上传到百度网盘,同时视频下载地址已经更新到 EasyHadoop技术大学 页面。 http://t.cn/zY8JjWq
'3552471236066275,http://api.t.sina.com.cn/2712208704/statuses/3552471236066275,数据挖掘_PHP,wangluowanglei,0,1,2013-03-05 12:43:27,//@中国云计算论坛: 谢谢！好东西，不容错过！@云创存储 @专注云计算
'3552471030525160,http://api.t.sina.com.cn/1297365972/statuses/3552471030525160,数据挖掘_PHP,莫小靡,0,0,2013-03-05 12:42:37,必须UP!//@数据挖掘_PHP: 功德无量，谢！//@Cloga在路上: //@卢二_UX:这个不支持，更待何时。[good]//@童小军_HD:Hadoop视频已经上传到百度网盘,同时视频下载地址已经更新到 EasyHadoop技术大学 页面。 http://t.cn/zY8JjWq
'3552470829179490,http://api.t.sina.com.cn/1807036613/statuses/3552470829179490,数据挖掘_PHP,淘方华,0,0,2013-03-05 12:41:50, //@数据挖掘_PHP:功德无量，谢！//@Cloga在路上: //@卢二_UX:这个不支持，更待何时。[good]//@童小军_HD:Hadoop视频已经上传到百度网盘,同时视频下载地址已经更新到 EasyHadoop技术大学 页面。 http://t.cn/zY8JjWq
'3552470062572327,http://api.t.sina.com.cn/2520748934/statuses/3552470062572327,数据挖掘_PHP,MEL卢,0,0,2013-03-05 12:38:46,非常有用的资料[good] //@小索菲亚: @MEL卢  //@童小军_HD:Hadoop视频已经上传到百度网盘,同时视频下载地址已经更新到 EasyHadoop技术大学 页面。 http://t.cn/zY8JjWq
'3552468011467813,http://api.t.sina.com.cn/2054628534/statuses/3552468011467813,数据挖掘_PHP,吕凯进,1,0,2013-03-05 12:30:37,//@同同爸://@童小军_HD: Hadoop视频已经上传到百度网盘,同时视频下载地址已经更新到 EasyHadoop技术大学 页面。 http://t.cn/zY8JjWq
'3552466236516451,http://api.t.sina.com.cn/1813812112/statuses/3552466236516451,数据挖掘_PHP,原是梦,0,0,2013-03-05 12:23:35,//@vinW: 推荐收藏 //@童小军_HD: Hadoop视频已经上传到百度网盘,同时视频下载地址已经更新到 EasyHadoop技术大学 页面。 http://t.cn/zY8JjWq
'3552464369887577,http://api.t.sina.com.cn/1934702103/statuses/3552464369887577,数据挖掘_PHP,dearwzm,0,0,2013-03-05 12:16:10,//@机器学习DeepLearning: 想学hadoop的看过来 //@童小军_HD: Hadoop视频已经上传到百度网盘,同时视频下载地址已经更新到 EasyHadoop技术大学 页面。 http://t.cn/zY8JjWq
'3552463879805466,http://api.t.sina.com.cn/1634290252/statuses/3552463879805466,数据挖掘_PHP,周尚金杭,0,0,2013-03-05 12:14:13,视频传优酷，资料放微盘//@媛琼_://@梁斌penny: 虽不清楚情况，但支持一下//@童小军_HD: 从开源中来,到开源中去。EasyHadoop 成长要做的事情还太多。欢迎大家关注三月的EasyHadoop 第八次聚会。
'3552463103364342,http://api.t.sina.com.cn/2270065862/statuses/3552463103364342,数据挖掘_PHP,东坡Beyond,0,0,2013-03-05 12:11:07,Mark//@韩先培: 学习//@任勇_博士僧: m //@算文解字://@童小军_HD: Hadoop视频已经上传到百度网盘,同时视频下载地址已经更新到 EasyHadoop技术大学 页面。 http://t.cn/zY8JjWq
'3552462352683698,http://api.t.sina.com.cn/1543848543/statuses/3552462352683698,数据挖掘_PHP,同同爸,1,0,2013-03-05 12:08:09,//@童小军_HD: Hadoop视频已经上传到百度网盘,同时视频下载地址已经更新到 EasyHadoop技术大学 页面。 http://t.cn/zY8JjWq
'3552461862171625,http://api.t.sina.com.cn/1910997712/statuses/3552461862171625,数据挖掘_PHP,Passion-Roma,0,0,2013-03-05 12:06:12,@felix-king 已上传至微盘，http://t.cn/zY88ctC //@数据挖掘_PHP: 功德无量，谢！//@Cloga在路上: //@卢二_UX:这个不支持，更待何时。[good]//@童小军_HD:Hadoop视频已经上传到百度网盘,同时视频下载地址已经更新到 EasyHadoop技术大学 页面。 http://t.cn/zY8JjWq
'3552459173657355,http://api.t.sina.com.cn/2824286634/statuses/3552459173657355,数据挖掘_PHP,dyf2886136,0,0,2013-03-05 11:55:31,//@yongsun: //@机器学习DeepLearning: 想学hadoop的看过来 //@童小军_HD: Hadoop视频已经上传到百度网盘,同时视频下载地址已经更新到 EasyHadoop技术大学 页面。 http://t.cn/zY8JjWq
'3552458272342245,http://api.t.sina.com.cn/1826803091/statuses/3552458272342245,数据挖掘_PHP,wingzero1984,0,0,2013-03-05 11:51:56, //@中国云计算论坛：分享：Hadoop视频地址： http://t.cn/zY8JjWq //@中国云计算论坛: 谢谢！好东西，不容错过！@云创存储 @专注云计算
'3552457466429279,http://api.t.sina.com.cn/2486556181/statuses/3552457466429279,数据挖掘_PHP,熊猫烧香_He,0,0,2013-03-05 11:48:44,@手机用户2831984961 //@笨嘴coder: @Im赵cj //@机器学习DeepLearning: 想学hadoop的看过来 //@童小军_HD: Hadoop视频已经上传到百度网盘,同时视频下载地址已经更新到 EasyHadoop技术大学 页面。 http://t.cn/zY8JjWq
'3552457000673467,http://api.t.sina.com.cn/2709337683/statuses/3552457000673467,数据挖掘_PHP,rebooo,0,0,2013-03-05 11:46:53,//@vinW: 推荐收藏 //@童小军_HD: Hadoop视频已经上传到百度网盘,同时视频下载地址已经更新到 EasyHadoop技术大学 页面。 http://t.cn/zY8JjWq
'3552456614764849,http://api.t.sina.com.cn/1959227617/statuses/3552456614764849,数据挖掘_PHP,奔跑的鸟儿2011,0,0,2013-03-05 11:45:19,//@数据挖掘_PHP: 功德无量，谢！//@Cloga在路上: //@卢二_UX:这个不支持，更待何时。[good]//@童小军_HD:Hadoop视频已经上传到百度网盘,同时视频下载地址已经更新到 EasyHadoop技术大学 页面。 http://t.cn/zY8JjWq
'3552456418422959,http://api.t.sina.com.cn/2084695745/statuses/3552456418422959,数据挖掘_PHP,小索菲亚,1,2,2013-03-05 11:44:32, @MEL卢 //@童小军_HD:Hadoop视频已经上传到百度网盘,同时视频下载地址已经更新到 EasyHadoop技术大学 页面。 http://t.cn/zY8JjWq
'3552455147603705,http://api.t.sina.com.cn/1641696211/statuses/3552455147603705,数据挖掘_PHP,魏塘_cuj,0,0,2013-03-05 11:39:30,好东西，分享万岁！ //@肖镜辉_小肖://@李明辉-baidu: //@ITNLP: //@徐君_: //@任勇_博士僧:m //@算文解字://@童小军_HD: Hadoop视频已经上传到百度网盘,同时视频下载地址已经更新到 EasyHadoop技术大学 页面。 http://t.cn/zY8JjWq
'3552449442919169,http://api.t.sina.com.cn/2713654850/statuses/3552449442919169,数据挖掘_PHP,黑妞的白妞,0,0,2013-03-05 11:16:51,很好，很强大！//@中国云计算论坛: 分享：Hadoop视频地址： http://t.cn/zY8JjWq //@中国云计算论坛: 谢谢！好东西，不容错过！@云创存储 @专注云计算
'3552448776408332,http://api.t.sina.com.cn/2744936464/statuses/3552448776408332,数据挖掘_PHP,Bill2012大本营,0,0,2013-03-05 11:14:12, //@大数据分析与挖掘: #hadoop#分享hadoop视频学习资料。//@肖镜辉_小肖: //@李明辉-baidu: //@ITNLP: //@徐君_: //@任勇_博士僧:m //@算文解字://@童小军_HD: Hadoop视频已经上传到百度网盘,同时视频下载地址已经更新到 EasyHadoop技术大学 页面。 http://t.cn/zY8JjWq
'3552448675168243,http://api.t.sina.com.cn/1645701363/statuses/3552448675168243,数据挖掘_PHP,Lina_Bao,0,1,2013-03-05 11:13:47,//@中国云计算论坛: 谢谢！好东西，不容错过！@云创存储 @专注云计算
'3552448381414090,http://api.t.sina.com.cn/1657455435/statuses/3552448381414090,数据挖掘_PHP,哈里王HW,0,0,2013-03-05 11:12:38,这个不错， @孙阿伦 我有空研究研究，不懂问你哈//@挠头蛇: 好东西，赞！@童小军_HD:Hadoop视频已经上传到百度网盘,同时视频下载地址已经更新到 EasyHadoop技术大学 页面。 http://t.cn/zY8JjWq
'3552446817184761,http://api.t.sina.com.cn/2647161441/statuses/3552446817184761,数据挖掘_PHP,飘飘七七酱,0,0,2013-03-05 11:06:25,//@机器学习DeepLearning: 想学hadoop的看过来 //@童小军_HD: Hadoop视频已经上传到百度网盘,同时视频下载地址已经更新到 EasyHadoop技术大学 页面。 http://t.cn/zY8JjWq
'3552446619649805,http://api.t.sina.com.cn/1883910100/statuses/3552446619649805,数据挖掘_PHP,罗远飞CUG,0,0,2013-03-05 11:05:37,恩好啊//@任勇_博士僧: m //@算文解字://@童小军_HD: Hadoop视频已经上传到百度网盘,同时视频下载地址已经更新到 EasyHadoop技术大学 页面。 http://t.cn/zY8JjWq
'3552445239983241,http://api.t.sina.com.cn/1908599781/statuses/3552445239983241,数据挖掘_PHP,NNoodles,0,0,2013-03-05 11:00:09,//@机器学习DeepLearning: 想学hadoop的看过来 //@童小军_HD: Hadoop视频已经上传到百度网盘,同时视频下载地址已经更新到 EasyHadoop技术大学 页面。 http://t.cn/zY8JjWq
'3552442429699231,http://api.t.sina.com.cn/2722489863/statuses/3552442429699231,数据挖掘_PHP,商业智能BI信徒,0,0,2013-03-05 10:48:58,//@数据挖掘_PHP: 功德无量，谢！//@Cloga在路上: //@卢二_UX:这个不支持，更待何时。[good]//@童小军_HD:Hadoop视频已经上传到百度网盘,同时视频下载地址已经更新到 EasyHadoop技术大学 页面。 http://t.cn/zY8JjWq
'3552440428842962,http://api.t.sina.com.cn/1299976001/statuses/3552440428842962,数据挖掘_PHP,睡友韶仪轰曾曰,0,0,2013-03-05 10:41:02,//@小眼怪杰佬://@机器学习DeepLearning: 想学hadoop的看过来 //@童小军_HD: Hadoop视频已经上传到百度网盘,同时视频下载地址已经更新到 EasyHadoop技术大学 页面。 http://t.cn/zY8JjWq
'3552440399993488,http://api.t.sina.com.cn/1213018240/statuses/3552440399993488,数据挖掘_PHP,清_浊的新家,0,0,2013-03-05 10:40:55, //@Happy3MSG:感谢//@童小军_HD:Hadoop视频已经上传到百度网盘,同时视频下载地址已经更新到 EasyHadoop技术大学 页面。 http://t.cn/zY8JjWq
'3552440291233464,http://api.t.sina.com.cn/3062496252/statuses/3552440291233464,数据挖掘_PHP,大数据分析与挖掘,1,0,2013-03-05 10:40:28,#hadoop#分享hadoop视频学习资料。//@肖镜辉_小肖: //@李明辉-baidu: //@ITNLP: //@徐君_: //@任勇_博士僧:m //@算文解字://@童小军_HD: Hadoop视频已经上传到百度网盘,同时视频下载地址已经更新到 EasyHadoop技术大学 页面。 http://t.cn/zY8JjWq
'3552439670326510,http://api.t.sina.com.cn/2003459381/statuses/3552439670326510,数据挖掘_PHP,孤独de月亮,0,0,2013-03-05 10:38:01, //@Vincentliu6_6: 好东西//@机器学习DeepLearning: 想学hadoop的看过来 //@童小军_HD: Hadoop视频已经上传到百度网盘,同时视频下载地址已经更新到 EasyHadoop技术大学 页面。 http://t.cn/zY8JjWq
'3552439355376823,http://api.t.sina.com.cn/1433048232/statuses/3552439355376823,数据挖掘_PHP,肖镜辉_小肖,3,1,2013-03-05 10:36:45,//@李明辉-baidu: //@ITNLP: //@徐君_: //@任勇_博士僧:m //@算文解字://@童小军_HD: Hadoop视频已经上传到百度网盘,同时视频下载地址已经更新到 EasyHadoop技术大学 页面。 http://t.cn/zY8JjWq
'3552439149838379,http://api.t.sina.com.cn/1995793753/statuses/3552439149838379,数据挖掘_PHP,奶牛君呀奶牛君,0,0,2013-03-05 10:35:58,//@数据挖掘_PHP: 功德无量，谢！//@Cloga在路上: //@卢二_UX:这个不支持，更待何时。[good]//@童小军_HD:Hadoop视频已经上传到百度网盘,同时视频下载地址已经更新到 EasyHadoop技术大学 页面。 http://t.cn/zY8JjWq
'3552438872990779,http://api.t.sina.com.cn/1686594124/statuses/3552438872990779,数据挖掘_PHP,Eson-wen,0,0,2013-03-05 10:34:51,[good]
'3552438759735275,http://api.t.sina.com.cn/1896067722/statuses/3552438759735275,数据挖掘_PHP,南航王海峰,0,0,2013-03-05 10:34:24,//@数据挖掘_PHP: 功德无量，谢！//@Cloga在路上: //@卢二_UX:这个不支持，更待何时。[good]//@童小军_HD:Hadoop视频已经上传到百度网盘,同时视频下载地址已经更新到 EasyHadoop技术大学 页面。 http://t.cn/zY8JjWq
'3552438755437434,http://api.t.sina.com.cn/1672678001/statuses/3552438755437434,数据挖掘_PHP,云的影字,0,0,2013-03-05 10:34:22,[雷锋] //@数据挖掘_PHP:功德无量，谢！ //@Cloga在路上: //@卢二_UX:这个不支持，更待何时。[good] //@童小军_HD:Hadoop视频已经上传到百度网盘,同时视频下载地址已经更新到 EasyHadoop技术大学 页面。 http://t.cn/zY8JjWq
'3552437627439649,http://api.t.sina.com.cn/2367980763/statuses/3552437627439649,数据挖掘_PHP,ICT_Migrant_Worker,0,1,2013-03-05 10:29:53,谢。 //@中国云计算论坛: 分享：Hadoop视频地址： http://t.cn/zY8JjWq //@中国云计算论坛: 谢谢！好东西，不容错过！@云创存储 @专注云计算
'3552436822065773,http://api.t.sina.com.cn/1727616175/statuses/3552436822065773,数据挖掘_PHP,鲁汉V,0,0,2013-03-05 10:26:42,//@中国云计算论坛: 分享：Hadoop视频地址： http://t.cn/zY8JjWq //@中国云计算论坛: 谢谢！好东西，不容错过！@云创存储 @专注云计算
'3552436406794081,http://api.t.sina.com.cn/3178231843/statuses/3552436406794081,数据挖掘_PHP,DanisL,0,0,2013-03-05 10:25:03,虽然很早就想学了,但是没有集群额..//@yongsun: //@机器学习DeepLearning: 想学hadoop的看过来 //@童小军_HD: Hadoop视频已经上传到百度网盘,同时视频下载地址已经更新到 EasyHadoop技术大学 页面。 http://t.cn/zY8JjWq
'3552436293440572,http://api.t.sina.com.cn/2465991392/statuses/3552436293440572,数据挖掘_PHP,麻将湖,0,0,2013-03-05 10:24:36,//@数据挖掘_PHP: 功德无量，谢！//@Cloga在路上: //@卢二_UX:这个不支持，更待何时。[good]//@童小军_HD:Hadoop视频已经上传到百度网盘,同时视频下载地址已经更新到 EasyHadoop技术大学 页面。 http://t.cn/zY8JjWq
'3552436188932212,http://api.t.sina.com.cn/2841727664/statuses/3552436188932212,数据挖掘_PHP,中国云计算论坛,4,0,2013-03-05 10:24:09,分享：Hadoop视频地址： http://t.cn/zY8JjWq //@中国云计算论坛: 谢谢！好东西，不容错过！@云创存储 @专注云计算
'3552435802665366,http://api.t.sina.com.cn/1932487377/statuses/3552435802665366,数据挖掘_PHP,拉普拉斯之钥,0,0,2013-03-05 10:22:38,//@机器学习DeepLearning: 想学hadoop的看过来 //@童小军_HD: Hadoop视频已经上传到百度网盘,同时视频下载地址已经更新到 EasyHadoop技术大学 页面。 http://t.cn/zY8JjWq
'3552435706188568,http://api.t.sina.com.cn/2936446807/statuses/3552435706188568,数据挖掘_PHP,金金2936446807,0,0,2013-03-05 10:22:16,//@数据挖掘_PHP:功德无量，谢！//@Cloga在路上: //@卢二_UX:这个不支持，更待何时。[good]//@童小军_HD:Hadoop视频已经上传到百度网盘,同时视频下载地址已经更新到 EasyHadoop技术大学 页面。 http://t.cn/zY8JjWq
'3552435425147194,http://api.t.sina.com.cn/2936446807/statuses/3552435425147194,数据挖掘_PHP,金金2936446807,0,0,2013-03-05 10:21:09,转发微博
'3552435253166325,http://api.t.sina.com.cn/1449315640/statuses/3552435253166325,数据挖掘_PHP,挠头蛇,1,0,2013-03-05 10:20:28,好东西，赞！//@数据挖掘_PHP: 功德无量，谢！//@Cloga在路上: //@卢二_UX:这个不支持，更待何时。[good]//@童小军_HD:Hadoop视频已经上传到百度网盘,同时视频下载地址已经更新到 EasyHadoop技术大学 页面。 http://t.cn/zY8JjWq
'3552435198635960,http://api.t.sina.com.cn/1941342995/statuses/3552435198635960,数据挖掘_PHP,千年王八万年博,0,0,2013-03-05 10:20:15,[good]//@yongsun: //@机器学习DeepLearning: 想学hadoop的看过来 //@童小军_HD: Hadoop视频已经上传到百度网盘,同时视频下载地址已经更新到 EasyHadoop技术大学 页面。 http://t.cn/zY8JjWq
'3552435157184332,http://api.t.sina.com.cn/1929505255/statuses/3552435157184332,数据挖掘_PHP,三字文-华,0,0,2013-03-05 10:20:05,[给力]//@数据挖掘_PHP:功德无量，谢！//@Cloga在路上: //@卢二_UX:这个不支持，更待何时。[good]//@童小军_HD:Hadoop视频已经上传到百度网盘,同时视频下载地址已经更新到 EasyHadoop技术大学 页面。 http://t.cn/zY8JjWq
'3552434985065179,http://api.t.sina.com.cn/2338205521/statuses/3552434985065179,数据挖掘_PHP,屈春河,0,0,2013-03-05 10:19:22,//@数据挖掘_PHP:功德无量，谢！//@Cloga在路上: //@卢二_UX:这个不支持，更待何时。[good]//@童小军_HD:Hadoop视频已经上传到百度网盘,同时视频下载地址已经更新到 EasyHadoop技术大学 页面。 http://t.cn/zY8JjWq
'3552434758645088,http://api.t.sina.com.cn/2841727664/statuses/3552434758645088,数据挖掘_PHP,中国云计算论坛,3,3,2013-03-05 10:18:30,谢谢！好东西，不容错过！@云创存储 @专注云计算
'3552434708217803,http://api.t.sina.com.cn/1400571844/statuses/3552434708217803,数据挖掘_PHP,光普无言,0,2,2013-03-05 10:18:18,//@JunJieLi: //@王金龙VI: @mark //@数据挖掘_PHP:功德无量，谢！//@Cloga在路上: //@卢二_UX:这个不支持，更待何时。[good]//@童小军_HD:Hadoop视频已经上传到百度网盘,同时视频下载地址已经更新到 EasyHadoop技术大学 页面。 http://t.cn/zY8JjWq
'3552434095796855,http://api.t.sina.com.cn/1750488505/statuses/3552434095796855,数据挖掘_PHP,花火易碎,0,0,2013-03-05 10:15:52,//@数据挖掘_PHP:功德无量，谢！//@Cloga在路上: //@卢二_UX:这个不支持，更待何时。[good]//@童小军_HD:Hadoop视频已经上传到百度网盘,同时视频下载地址已经更新到 EasyHadoop技术大学 页面。 http://t.cn/zY8JjWq
'3552433894098832,http://api.t.sina.com.cn/1153806097/statuses/3552433894098832,数据挖掘_PHP,JunJieLi,3,2,2013-03-05 10:15:04,//@王金龙VI: @mark //@数据挖掘_PHP:功德无量，谢！//@Cloga在路上: //@卢二_UX:这个不支持，更待何时。[good]//@童小军_HD:Hadoop视频已经上传到百度网盘,同时视频下载地址已经更新到 EasyHadoop技术大学 页面。 http://t.cn/zY8JjWq
'3552433575305707,http://api.t.sina.com.cn/1678746033/statuses/3552433575305707,数据挖掘_PHP,炯翔,0,0,2013-03-05 10:13:46,好福利！Hadoop对social media大数据的高速运算和存储威力巨大。//@童小军_HD:Hadoop视频已经上传到百度网盘,同时视频下载地址已经更新到 EasyHadoop技术大学 页面。 http://t.cn/zY8JjWq
'3552433261060549,http://api.t.sina.com.cn/1707803053/statuses/3552433261060549,数据挖掘_PHP,王金龙VI,1,0,2013-03-05 10:12:32, @mark //@数据挖掘_PHP:功德无量，谢！//@Cloga在路上: //@卢二_UX:这个不支持，更待何时。[good]//@童小军_HD:Hadoop视频已经上传到百度网盘,同时视频下载地址已经更新到 EasyHadoop技术大学 页面。 http://t.cn/zY8JjWq
'3552433047551645,http://api.t.sina.com.cn/2402344570/statuses/3552433047551645,数据挖掘_PHP,even_ZISU123,0,0,2013-03-05 10:11:41,//@数据挖掘_PHP:功德无量，谢！//@Cloga在路上: //@卢二_UX:这个不支持，更待何时。[good]//@童小军_HD:Hadoop视频已经上传到百度网盘,同时视频下载地址已经更新到 EasyHadoop技术大学 页面。 http://t.cn/zY8JjWq
'3552432837795126,http://api.t.sina.com.cn/1645160322/statuses/3552432837795126,数据挖掘_PHP,邵先磊colin,0,0,2013-03-05 10:10:52,//@数据挖掘_PHP:功德无量，谢！//@Cloga在路上: //@卢二_UX:这个不支持，更待何时。[good]//@童小军_HD:Hadoop视频已经上传到百度网盘,同时视频下载地址已经更新到 EasyHadoop技术大学 页面。 http://t.cn/zY8JjWq
'3552432816819144,http://api.t.sina.com.cn/1692952260/statuses/3552432816819144,数据挖掘_PHP,麦多v,0,0,2013-03-05 10:10:47,// @vinW :推荐收藏 //@童小军_HD: Hadoop视频已经上传到百度网盘,同时视频下载地址已经更新到 EasyHadoop技术大学 页面。 http://t.cn/zY8JjWq
'3552432677910969,http://api.t.sina.com.cn/1655038093/statuses/3552432677910969,数据挖掘_PHP,yongsun,4,0,2013-03-05 10:10:14,//@机器学习DeepLearning: 想学hadoop的看过来 //@童小军_HD: Hadoop视频已经上传到百度网盘,同时视频下载地址已经更新到 EasyHadoop技术大学 页面。 http://t.cn/zY8JjWq
'3552432640250900,http://api.t.sina.com.cn/1273609757/statuses/3552432640250900,数据挖掘_PHP,数据挖掘_PHP,19,5,2013-03-05 10:10:04,功德无量，谢！//@Cloga在路上: //@卢二_UX:这个不支持，更待何时。[good]//@童小军_HD:Hadoop视频已经上传到百度网盘,同时视频下载地址已经更新到 EasyHadoop技术大学 页面。 http://t.cn/zY8JjWq
'3552429725129734,http://api.t.sina.com.cn/1401521951/statuses/3552429725129734,数据挖掘_PHP,周狼赤壁_晓炜,0,0,2013-03-05 09:58:30,//@涛涛_不竭: //@机器学习DeepLearning: 想学hadoop的看过来 //@童小军_HD: Hadoop视频已经上传到百度网盘,同时视频下载地址已经更新到 EasyHadoop技术大学 页面。 http://t.cn/zY8JjWq
'3552429674794049,http://api.t.sina.com.cn/2916258673/statuses/3552429674794049,数据挖掘_PHP,笨嘴coder,1,0,2013-03-05 09:58:19,@Im赵cj //@机器学习DeepLearning: 想学hadoop的看过来 //@童小军_HD: Hadoop视频已经上传到百度网盘,同时视频下载地址已经更新到 EasyHadoop技术大学 页面。 http://t.cn/zY8JjWq
'3552428584541660,http://api.t.sina.com.cn/1686766070/statuses/3552428584541660,数据挖掘_PHP,李明辉-baidu,1,0,2013-03-05 09:53:58,//@ITNLP: //@徐君_: //@任勇_博士僧:m //@算文解字://@童小军_HD: Hadoop视频已经上传到百度网盘,同时视频下载地址已经更新到 EasyHadoop技术大学 页面。 http://t.cn/zY8JjWq
'3552428513232152,http://api.t.sina.com.cn/1757945657/statuses/3552428513232152,数据挖掘_PHP,PhoenixBai,0,0,2013-03-05 09:53:41,好东西,积极转发!//@机器学习DeepLearning: 想学hadoop的看过来 //@童小军_HD: Hadoop视频已经上传到百度网盘,同时视频下载地址已经更新到 EasyHadoop技术大学 页面。 http://t.cn/zY8JjWq
'3552428286720583,http://api.t.sina.com.cn/1729619045/statuses/3552428286720583,数据挖掘_PHP,智慧背囊飞,0,0,2013-03-05 09:52:48,//@vinW: 推荐收藏 //@童小军_HD: Hadoop视频已经上传到百度网盘,同时视频下载地址已经更新到 EasyHadoop技术大学 页面。 http://t.cn/zY8JjWq
'3552427770415226,http://api.t.sina.com.cn/1881632485/statuses/3552427770415226,数据挖掘_PHP,ai_东沂,0,2,2013-03-05 09:50:44,@marine_wu //@机器学习DeepLearning: 想学hadoop的看过来 //@童小军_HD: Hadoop视频已经上传到百度网盘,同时视频下载地址已经更新到 EasyHadoop技术大学 页面。 http://t.cn/zY8JjWq
'3552426697170834,http://api.t.sina.com.cn/2210647444/statuses/3552426697170834,数据挖掘_PHP,charnugagoo,0,0,2013-03-05 09:46:27, //@小眼怪杰佬: //@机器学习DeepLearning: 想学hadoop的看过来 //@童小军_HD: Hadoop视频已经上传到百度网盘,同时视频下载地址已经更新到 EasyHadoop技术大学 页面。 http://t.cn/zY8JjWq
'3552426692748768,http://api.t.sina.com.cn/1172736155/statuses/3552426692748768,数据挖掘_PHP,童猫猫喵喵喵,0,0,2013-03-05 09:46:26,Mark //@Vincentliu6_6:好东西//@机器学习DeepLearning: 想学hadoop的看过来 //@童小军_HD: Hadoop视频已经上传到百度网盘,同时视频下载地址已经更新到 EasyHadoop技术大学 页面。 http://t.cn/zY8JjWq
'3552425669515491,http://api.t.sina.com.cn/1299976001/statuses/3552425669515491,数据挖掘_PHP,睡友韶仪轰曾曰,0,0,2013-03-05 09:42:21,//@小眼怪杰佬://@机器学习DeepLearning: 想学hadoop的看过来 //@童小军_HD: Hadoop视频已经上传到百度网盘,同时视频下载地址已经更新到 EasyHadoop技术大学 页面。 http://t.cn/zY8JjWq
'3552425463612570,http://api.t.sina.com.cn/1750361775/statuses/3552425463612570,数据挖掘_PHP,Vincentliu6_6,2,0,2013-03-05 09:41:33,好东西//@机器学习DeepLearning: 想学hadoop的看过来 //@童小军_HD: Hadoop视频已经上传到百度网盘,同时视频下载地址已经更新到 EasyHadoop技术大学 页面。 http://t.cn/zY8JjWq
'3552424692159930,http://api.t.sina.com.cn/1956392802/statuses/3552424692159930,数据挖掘_PHP,涛涛_不竭,1,0,2013-03-05 09:38:31,//@机器学习DeepLearning: 想学hadoop的看过来 //@童小军_HD: Hadoop视频已经上传到百度网盘,同时视频下载地址已经更新到 EasyHadoop技术大学 页面。 http://t.cn/zY8JjWq
'3552424684249026,http://api.t.sina.com.cn/1091743464/statuses/3552424684249026,数据挖掘_PHP,期待更强大的内心,0,0,2013-03-05 09:38:28,//@机器学习DeepLearning:想学hadoop的看过来 //@童小军_HD: Hadoop视频已经上传到百度网盘,同时视频下载地址已经更新到 EasyHadoop技术大学 页面。 http://t.cn/zY8JjWq
'3552424617131179,http://api.t.sina.com.cn/1739612211/statuses/3552424617131179,数据挖掘_PHP,KX_ZHENG,0,0,2013-03-05 09:38:11,[赞]//@童小军_HD: Hadoop视频已经上传到百度网盘,同时视频下载地址已经更新到 EasyHadoop技术大学 页面。 http://t.cn/zY8JjWq
'3552424587766747,http://api.t.sina.com.cn/1346984584/statuses/3552424587766747,数据挖掘_PHP,曦_MADAO,0,0,2013-03-05 09:38:04,//@vinW:推荐收藏 //@童小军_HD: Hadoop视频已经上传到百度网盘,同时视频下载地址已经更新到 EasyHadoop技术大学 页面。 http://t.cn/zY8JjWq
'3552424368804546,http://api.t.sina.com.cn/1891088244/statuses/3552424368804546,数据挖掘_PHP,小眼怪杰佬,3,0,2013-03-05 09:37:13, //@机器学习DeepLearning: 想学hadoop的看过来 //@童小军_HD: Hadoop视频已经上传到百度网盘,同时视频下载地址已经更新到 EasyHadoop技术大学 页面。 http://t.cn/zY8JjWq
'3552424361244487,http://api.t.sina.com.cn/2464067383/statuses/3552424361244487,数据挖掘_PHP,_Matrix_,0,0,2013-03-05 09:37:10,//@机器学习DeepLearning:想学hadoop的看过来 //@童小军_HD: Hadoop视频已经上传到百度网盘,同时视频下载地址已经更新到 EasyHadoop技术大学 页面。 http://t.cn/zY8JjWq
'3552423887487234,http://api.t.sina.com.cn/2322114464/statuses/3552423887487234,数据挖掘_PHP,机器学习DeepLearning,13,0,2013-03-05 09:35:18,想学hadoop的看过来 //@童小军_HD: Hadoop视频已经上传到百度网盘,同时视频下载地址已经更新到 EasyHadoop技术大学 页面。 http://t.cn/zY8JjWq
'3552423845079004,http://api.t.sina.com.cn/1768026034/statuses/3552423845079004,数据挖掘_PHP,包叔想吃煎饼果子,0,0,2013-03-05 09:35:08,//@vinW:推荐收藏 //@童小军_HD: Hadoop视频已经上传到百度网盘,同时视频下载地址已经更新到 EasyHadoop技术大学 页面。 http://t.cn/zY8JjWq
'3552423497164846,http://api.t.sina.com.cn/1541603965/statuses/3552423497164846,数据挖掘_PHP,vinW,6,0,2013-03-05 09:33:45,推荐收藏 //@童小军_HD: Hadoop视频已经上传到百度网盘,同时视频下载地址已经更新到 EasyHadoop技术大学 页面。 http://t.cn/zY8JjWq
'3552422724754280,http://api.t.sina.com.cn/2090814120/statuses/3552422724754280,数据挖掘_PHP,常立伟,0,0,2013-03-05 09:30:40,//@童小军_HD: Hadoop视频已经上传到百度网盘,同时视频下载地址已经更新到 EasyHadoop技术大学 页面。 http://t.cn/zY8JjWq
'3552422108137271,http://api.t.sina.com.cn/2177340774/statuses/3552422108137271,数据挖掘_PHP,zachary_有点忙,0,0,2013-03-05 09:28:13,广大技术爱好者表示全力支持//@听说你结婚啦: 支持 //@梁斌penny: 虽不清楚情况，但支持一下//@童小军_HD: 从开源中来,到开源中去。EasyHadoop 成长要做的事情还太多。欢迎大家关注三月的EasyHadoop 第八次聚会。
'3552421508669101,http://api.t.sina.com.cn/1747155460/statuses/3552421508669101,数据挖掘_PHP,Leonshiep,0,0,2013-03-05 09:25:51,//@GBASE数据库:转发微博
'3552417859576614,http://api.t.sina.com.cn/1883864570/statuses/3552417859576614,数据挖掘_PHP,BusinessInsight,0,1,2013-03-05 09:11:20,//@童小军_HD: Hadoop视频已经上传到百度网盘,同时视频下载地址已经更新到 EasyHadoop技术大学 页面。 http://t.cn/zY8JjWq
'3552415901298678,http://api.t.sina.com.cn/2178168953/statuses/3552415901298678,数据挖掘_PHP,peter_I,0,0,2013-03-05 09:03:34,绝对好东西，MARK//@Cloga在路上: //@卢二_UX:这个不支持，更待何时。[good]//@童小军_HD:Hadoop视频已经上传到百度网盘,同时视频下载地址已经更新到 EasyHadoop技术大学 页面。 http://t.cn/zY8JjWq
'3552415419156836,http://api.t.sina.com.cn/1767763334/statuses/3552415419156836,数据挖掘_PHP,方小feng,0,0,2013-03-05 09:01:39,[威武] //@Cloga在路上://@卢二_UX:这个不支持，更待何时。[good]//@童小军_HD:Hadoop视频已经上传到百度网盘,同时视频下载地址已经更新到 EasyHadoop技术大学 页面。 http://t.cn/zY8JjWq
'3552415078782487,http://api.t.sina.com.cn/2300147394/statuses/3552415078782487,数据挖掘_PHP,Rigel_BD,0,0,2013-03-05 09:00:17,//@任勇_博士僧:m //@算文解字://@童小军_HD: Hadoop视频已经上传到百度网盘,同时视频下载地址已经更新到 EasyHadoop技术大学 页面。 http://t.cn/zY8JjWq
'3552414533787659,http://api.t.sina.com.cn/2141524205/statuses/3552414533787659,数据挖掘_PHP,大同小毅HK,0,0,2013-03-05 08:58:08,[赞] //@徐君_://@任勇_博士僧:m //@算文解字://@童小军_HD: Hadoop视频已经上传到百度网盘,同时视频下载地址已经更新到 EasyHadoop技术大学 页面。 http://t.cn/zY8JjWq
'3552414353675995,http://api.t.sina.com.cn/1712922754/statuses/3552414353675995,数据挖掘_PHP,只谈学术不谈风月,0,0,2013-03-05 08:57:24,//@韩先培:学习//@任勇_博士僧: m //@算文解字://@童小军_HD: Hadoop视频已经上传到百度网盘,同时视频下载地址已经更新到 EasyHadoop技术大学 页面。 http://t.cn/zY8JjWq
'3552414340406542,http://api.t.sina.com.cn/1758652253/statuses/3552414340406542,数据挖掘_PHP,slvher,0,0,2013-03-05 08:57:22,[good] 这几天在youtube上看了几个入门视频 打算系统学习下 //@wofeiwofeifeifei:支持 //@西祠响马: //@任勇_博士僧:m  //@算文解字: //@童小军_HD: Hadoop视频已经上传到百度网盘,同时视频下载地址已经更新到 EasyHadoop技术大学 页面。 http://t.cn/zY8JjWq
'3552413178871969,http://api.t.sina.com.cn/2012788044/statuses/3552413178871969,数据挖掘_PHP,天津张成,0,0,2013-03-05 08:52:46,//@徐君_: //@任勇_博士僧:m //@算文解字://@童小军_HD: Hadoop视频已经上传到百度网盘,同时视频下载地址已经更新到 EasyHadoop技术大学 页面。 http://t.cn/zY8JjWq
'3552412885490313,http://api.t.sina.com.cn/1419313545/statuses/3552412885490313,数据挖掘_PHP,wofeiwofeifeifei,1,1,2013-03-05 08:51:35,支持//@西祠响马://@任勇_博士僧:m //@算文解字://@童小军_HD: Hadoop视频已经上传到百度网盘,同时视频下载地址已经更新到 EasyHadoop技术大学 页面。 http://t.cn/zY8JjWq
'3552411978826626,http://api.t.sina.com.cn/1802398792/statuses/3552411978826626,数据挖掘_PHP,_Neroazzurri_,0,0,2013-03-05 08:47:59,怒赞//@一枚小码农:大好人啊！！！！//@童小军_HD:Hadoop视频已经上传到百度网盘,同时视频下载地址已经更新到 EasyHadoop技术大学 页面。 http://t.cn/zY8JjWq
'3552411815615900,http://api.t.sina.com.cn/1468365041/statuses/3552411815615900,数据挖掘_PHP,韩先培,2,0,2013-03-05 08:47:20,学习//@任勇_博士僧: m //@算文解字://@童小军_HD: Hadoop视频已经上传到百度网盘,同时视频下载地址已经更新到 EasyHadoop技术大学 页面。 http://t.cn/zY8JjWq
'3552408880007234,http://api.t.sina.com.cn/2003143623/statuses/3552408880007234,数据挖掘_PHP,hrdxwandg,0,0,2013-03-05 08:35:39,//@ITNLP://@徐君_: //@任勇_博士僧:m //@算文解字://@童小军_HD: Hadoop视频已经上传到百度网盘,同时视频下载地址已经更新到 EasyHadoop技术大学 页面。 http://t.cn/zY8JjWq
'3552408359512692,http://api.t.sina.com.cn/2675648631/statuses/3552408359512692,数据挖掘_PHP,觉主阿,0,0,2013-03-05 08:33:36,//@童小军_HD: Hadoop视频已经上传到百度网盘,同时视频下载地址已经更新到 EasyHadoop技术大学 页面。 http://t.cn/zY8JjWq
'3552408325838708,http://api.t.sina.com.cn/1874266663/statuses/3552408325838708,数据挖掘_PHP,一枚小码农,1,0,2013-03-05 08:33:28,大好人啊！！！！//@童小军_HD:Hadoop视频已经上传到百度网盘,同时视频下载地址已经更新到 EasyHadoop技术大学 页面。 http://t.cn/zY8JjWq
'3552407932303484,http://api.t.sina.com.cn/1159761873/statuses/3552407932303484,数据挖掘_PHP,i不如,0,0,2013-03-05 08:31:53,mark//@西祠响马://@任勇_博士僧:m //@算文解字://@童小军_HD: Hadoop视频已经上传到百度网盘,同时视频下载地址已经更新到 EasyHadoop技术大学 页面。 http://t.cn/zY8JjWq
'3552407462495415,http://api.t.sina.com.cn/1069290177/statuses/3552407462495415,数据挖掘_PHP,风城指甲哥,0,0,2013-03-05 08:30:01,//@ITNLP://@徐君_: //@任勇_博士僧:m //@算文解字://@童小军_HD: Hadoop视频已经上传到百度网盘,同时视频下载地址已经更新到 EasyHadoop技术大学 页面。 http://t.cn/zY8JjWq
'3552407218462205,http://api.t.sina.com.cn/2395681763/statuses/3552407218462205,数据挖掘_PHP,胖子MR刘,0,0,2013-03-05 08:29:04,有空看下//@西祠响马://@任勇_博士僧:m //@算文解字://@童小军_HD: Hadoop视频已经上传到百度网盘,同时视频下载地址已经更新到 EasyHadoop技术大学 页面。 http://t.cn/zY8JjWq
'3552406048170478,http://api.t.sina.com.cn/2838466780/statuses/3552406048170478,数据挖掘_PHP,IsAlwaysLei,0,0,2013-03-05 08:24:25,感谢分享[赞] //@童小军_HD:Hadoop视频已经上传到百度网盘,同时视频下载地址已经更新到 EasyHadoop技术大学 页面。 http://t.cn/zY8JjWq
'3552405734234461,http://api.t.sina.com.cn/1272766635/statuses/3552405734234461,数据挖掘_PHP,Cloga在路上,3,2,2013-03-05 08:23:08,//@卢二_UX:这个不支持，更待何时。[good]//@童小军_HD:Hadoop视频已经上传到百度网盘,同时视频下载地址已经更新到 EasyHadoop技术大学 页面。 http://t.cn/zY8JjWq
'3552405574182378,http://api.t.sina.com.cn/1808067361/statuses/3552405574182378,数据挖掘_PHP,ITNLP,3,0,2013-03-05 08:22:32,//@徐君_: //@任勇_博士僧:m //@算文解字://@童小军_HD: Hadoop视频已经上传到百度网盘,同时视频下载地址已经更新到 EasyHadoop技术大学 页面。 http://t.cn/zY8JjWq
'3552405206018037,http://api.t.sina.com.cn/1078645400/statuses/3552405206018037,数据挖掘_PHP,沉大迪儿,0,0,2013-03-05 08:21:04,welldone //@潘益平Kit://@程鸿:赞 //@西祠响马: //@任勇_博士僧:m //@算文解字://@童小军_HD: Hadoop视频已经上传到百度网盘,同时视频下载地址已经更新到 EasyHadoop技术大学 页面。 http://t.cn/zY8JjWq
'3552405016943411,http://api.t.sina.com.cn/1946168205/statuses/3552405016943411,数据挖掘_PHP,徐君_,3,2,2013-03-05 08:20:19,//@任勇_博士僧:m //@算文解字://@童小军_HD: Hadoop视频已经上传到百度网盘,同时视频下载地址已经更新到 EasyHadoop技术大学 页面。 http://t.cn/zY8JjWq
'3552404559355374,http://api.t.sina.com.cn/1244942385/statuses/3552404559355374,数据挖掘_PHP,曹洪明,0,0,2013-03-05 08:18:29,[挖鼻屎] //@卢二_UX:这个不支持，更待何时。[good]//@童小军_HD:Hadoop视频已经上传到百度网盘,同时视频下载地址已经更新到 EasyHadoop技术大学 页面。 http://t.cn/zY8JjWq
'3552404387378001,http://api.t.sina.com.cn/1641350220/statuses/3552404387378001,数据挖掘_PHP,卢二_UX,2,1,2013-03-05 08:17:49,这个不支持，更待何时。[good]//@童小军_HD:Hadoop视频已经上传到百度网盘,同时视频下载地址已经更新到 EasyHadoop技术大学 页面。 http://t.cn/zY8JjWq
'3552404089679658,http://api.t.sina.com.cn/1630528410/statuses/3552404089679658,数据挖掘_PHP,弧翼的鱼,0,0,2013-03-05 08:16:36,m //@任勇_博士僧:m //@算文解字://@童小军_HD: Hadoop视频已经上传到百度网盘,同时视频下载地址已经更新到 EasyHadoop技术大学 页面。 http://t.cn/zY8JjWq
'3552403812837975,http://api.t.sina.com.cn/1421369952/statuses/3552403812837975,数据挖掘_PHP,食匣子,0,0,2013-03-05 08:15:32,这。。 //@程鸿: 赞 //@西祠响马: //@任勇_博士僧:m //@算文解字://@童小军_HD: Hadoop视频已经上传到百度网盘,同时视频下载地址已经更新到 EasyHadoop技术大学 页面。 http://t.cn/zY8JjWq
'3552403691427374,http://api.t.sina.com.cn/1747409362/statuses/3552403691427374,数据挖掘_PHP,潘益平Kit,1,1,2013-03-05 08:15:02, //@程鸿:赞 //@西祠响马: //@任勇_博士僧:m //@算文解字://@童小军_HD: Hadoop视频已经上传到百度网盘,同时视频下载地址已经更新到 EasyHadoop技术大学 页面。 http://t.cn/zY8JjWq
'3552403284205015,http://api.t.sina.com.cn/2717930601/statuses/3552403284205015,数据挖掘_PHP,IT男那点事,0,0,2013-03-05 08:13:26,//@西祠响马: //@任勇_博士僧:m //@算文解字://@童小军_HD: Hadoop视频已经上传到百度网盘,同时视频下载地址已经更新到 EasyHadoop技术大学 页面。 http://t.cn/zY8JjWq
'3552403196774558,http://api.t.sina.com.cn/1408444867/statuses/3552403196774558,数据挖掘_PHP,李岩_zhuqu,0,0,2013-03-05 08:13:05,我也痛恨盗版，现在也开始逐渐购买正版软件。可一些老的软件像Photoshop还是习惯性地直接找盗版地址下载。这个行业还是会向好的方向发展。 //@李岩_zhuqu: 盗版可耻
'3552402672175684,http://api.t.sina.com.cn/1981804431/statuses/3552402672175684,数据挖掘_PHP,铁才,0,0,2013-03-05 08:11:00,转发微博
'3552401959297745,http://api.t.sina.com.cn/1408444867/statuses/3552401959297745,数据挖掘_PHP,李岩_zhuqu,1,0,2013-03-05 08:08:08,盗版可耻
'3552400457911134,http://api.t.sina.com.cn/2283042211/statuses/3552400457911134,数据挖掘_PHP,不想当jerk-z,0,0,2013-03-05 08:02:11,//@算文解字://@童小军_HD: Hadoop视频已经上传到百度网盘,同时视频下载地址已经更新到 EasyHadoop技术大学 页面。 http://t.cn/zY8JjWq
'3552399484100961,http://api.t.sina.com.cn/1652663734/statuses/3552399484100961,数据挖掘_PHP,forever1dream--NLP,0,0,2013-03-05 07:58:20,//@算文解字://@童小军_HD: Hadoop视频已经上传到百度网盘,同时视频下载地址已经更新到 EasyHadoop技术大学 页面。 http://t.cn/zY8JjWq
'3552399464006867,http://api.t.sina.com.cn/1263241143/statuses/3552399464006867,数据挖掘_PHP,nemo_jun,0,0,2013-03-05 07:58:15,//@贤遇:转发微博
'3552398670359348,http://api.t.sina.com.cn/2516211650/statuses/3552398670359348,数据挖掘_PHP,yangdigital,0,0,2013-03-05 07:55:06,赞一个无私分享精神！//@童小军_HD: Hadoop视频已经上传到百度网盘,同时视频下载地址已经更新到 EasyHadoop技术大学 页面。 http://t.cn/zY8JjWq
'3552397232484542,http://api.t.sina.com.cn/1757175771/statuses/3552397232484542,数据挖掘_PHP,曲豫宾,0,0,2013-03-05 07:49:22,//@山大蒋志方:[赞]
'3552392929070892,http://api.t.sina.com.cn/1650673392/statuses/3552392929070892,数据挖掘_PHP,拿手菜,0,0,2013-03-05 07:32:17,//@任勇_博士僧:m //@算文解字://@童小军_HD: Hadoop视频已经上传到百度网盘,同时视频下载地址已经更新到 EasyHadoop技术大学 页面。 http://t.cn/zY8JjWq
'3552390924081758,http://api.t.sina.com.cn/1911407347/statuses/3552390924081758,数据挖掘_PHP,fisherwho,0,0,2013-03-05 07:24:19,//@江湖人称飞哥:@niai12345  //@程鸿:赞 //@西祠响马: //@任勇_博士僧:m //@算文解字://@童小军_HD: Hadoop视频已经上传到百度网盘,同时视频下载地址已经更新到 EasyHadoop技术大学 页面。 http://t.cn/zY8JjWq
'3552389682049565,http://api.t.sina.com.cn/1823048471/statuses/3552389682049565,数据挖掘_PHP,张昊_BigData,0,0,2013-03-05 07:19:23,//@顾进广://@任勇_博士僧:m //@算文解字://@童小军_HD: Hadoop视频已经上传到百度网盘,同时视频下载地址已经更新到 EasyHadoop技术大学 页面。 http://t.cn/zY8JjWq
'3552389233240210,http://api.t.sina.com.cn/1677954562/statuses/3552389233240210,数据挖掘_PHP,Happy3MSG,1,0,2013-03-05 07:17:36,感谢//@童小军_HD:Hadoop视频已经上传到百度网盘,同时视频下载地址已经更新到 EasyHadoop技术大学 页面。 http://t.cn/zY8JjWq
'3552388721959394,http://api.t.sina.com.cn/2686649617/statuses/3552388721959394,数据挖掘_PHP,80后土豆侠,0,0,2013-03-05 07:15:34,//@西祠响马: //@任勇_博士僧:m //@算文解字://@童小军_HD: Hadoop视频已经上传到百度网盘,同时视频下载地址已经更新到 EasyHadoop技术大学 页面。 http://t.cn/zY8JjWq
'3552387165363818,http://api.t.sina.com.cn/2253367444/statuses/3552387165363818,数据挖掘_PHP,maoyuan121,0,0,2013-03-05 07:09:23,//@童小军_HD:Hadoop视频已经上传到百度网盘,同时视频下载地址已经更新到 EasyHadoop技术大学 页面。 http://t.cn/zY8JjWq
'3552386809853456,http://api.t.sina.com.cn/2637878737/statuses/3552386809853456,数据挖掘_PHP,匈牙利命名,0,0,2013-03-05 07:07:58,//@西祠响马://@任勇_博士僧:m //@算文解字://@童小军_HD: Hadoop视频已经上传到百度网盘,同时视频下载地址已经更新到 EasyHadoop技术大学 页面。 http://t.cn/zY8JjWq
'3552385803175556,http://api.t.sina.com.cn/3201104794/statuses/3552385803175556,数据挖掘_PHP,Ishmael2008,0,0,2013-03-05 07:03:57,顶起//@西祠响马://@任勇_博士僧:m //@算文解字://@童小军_HD: Hadoop视频已经上传到百度网盘,同时视频下载地址已经更新到 EasyHadoop技术大学 页面。 http://t.cn/zY8JjWq
'3552385450513102,http://api.t.sina.com.cn/1650457173/statuses/3552385450513102,数据挖掘_PHP,邳州贴吧,0,0,2013-03-05 07:02:34,//@西祠响马://@任勇_博士僧:m //@算文解字://@童小军_HD: Hadoop视频已经上传到百度网盘,同时视频下载地址已经更新到 EasyHadoop技术大学 页面。 http://t.cn/zY8JjWq
'3552384628111449,http://api.t.sina.com.cn/1655244120/statuses/3552384628111449,数据挖掘_PHP,江湖人称飞哥,1,0,2013-03-05 06:59:18, @niai12345  //@程鸿:赞 //@西祠响马: //@任勇_博士僧:m //@算文解字://@童小军_HD: Hadoop视频已经上传到百度网盘,同时视频下载地址已经更新到 EasyHadoop技术大学 页面。 http://t.cn/zY8JjWq
'3552383948473087,http://api.t.sina.com.cn/2371601780/statuses/3552383948473087,数据挖掘_PHP,Elf_wu,0,0,2013-03-05 06:56:36,//@算文解字: //@童小军_HD: Hadoop视频已经上传到百度网盘,同时视频下载地址已经更新到 EasyHadoop技术大学 页面。 http://t.cn/zY8JjWq
'3552383865327570,http://api.t.sina.com.cn/1416847081/statuses/3552383865327570,数据挖掘_PHP,等岸漂流瓶,0,0,2013-03-05 06:56:15,//@赵俊利---宇初网络:@任我行V @boen1984    //@西祠响马: //@任勇_博士僧:m //@算文解字://@童小军_HD: Hadoop视频已经上传到百度网盘,同时视频下载地址已经更新到 EasyHadoop技术大学 页面。 http://t.cn/zY8JjWq
'3552383268972664,http://api.t.sina.com.cn/1167058363/statuses/3552383268972664,数据挖掘_PHP,Flanker_AirForce,0,0,2013-03-05 06:53:54, //@梁斌penny: 虽不清楚情况，但支持一下//@童小军_HD: 从开源中来,到开源中去。EasyHadoop 成长要做的事情还太多。欢迎大家关注三月的EasyHadoop 第八次聚会。
'3552383008916988,http://api.t.sina.com.cn/1837352310/statuses/3552383008916988,数据挖掘_PHP,tangjie0710,0,0,2013-03-05 06:52:51,//@任勇_博士僧: m //@算文解字://@童小军_HD: Hadoop视频已经上传到百度网盘,同时视频下载地址已经更新到 EasyHadoop技术大学 页面。 http://t.cn/zY8JjWq
'3552382753794548,http://api.t.sina.com.cn/1900590005/statuses/3552382753794548,数据挖掘_PHP,_宝利_,0,0,2013-03-05 06:51:50,//@西祠响马://@任勇_博士僧:m //@算文解字://@童小军_HD: Hadoop视频已经上传到百度网盘,同时视频下载地址已经更新到 EasyHadoop技术大学 页面。 http://t.cn/zY8JjWq
'3552381801653078,http://api.t.sina.com.cn/1400777715/statuses/3552381801653078,数据挖掘_PHP,顾进广,1,0,2013-03-05 06:48:03,//@任勇_博士僧:m //@算文解字://@童小军_HD: Hadoop视频已经上传到百度网盘,同时视频下载地址已经更新到 EasyHadoop技术大学 页面。 http://t.cn/zY8JjWq
'3552381310566214,http://api.t.sina.com.cn/1642330703/statuses/3552381310566214,数据挖掘_PHP,程鸿,3,0,2013-03-05 06:46:06,赞 //@西祠响马: //@任勇_博士僧:m //@算文解字://@童小军_HD: Hadoop视频已经上传到百度网盘,同时视频下载地址已经更新到 EasyHadoop技术大学 页面。 http://t.cn/zY8JjWq
'3552378899034237,http://api.t.sina.com.cn/2111736482/statuses/3552378899034237,数据挖掘_PHP,最爱阿尔帕西诺,0,0,2013-03-05 06:36:31,//@任勇_博士僧:m //@算文解字://@童小军_HD: Hadoop视频已经上传到百度网盘,同时视频下载地址已经更新到 EasyHadoop技术大学 页面。 http://t.cn/zY8JjWq
'3552375027316869,http://api.t.sina.com.cn/1628754745/statuses/3552375027316869,数据挖掘_PHP,Monash-搞数据的,0,0,2013-03-05 06:21:09,//@西祠响马: //@任勇_博士僧:m //@算文解字://@童小军_HD: Hadoop视频已经上传到百度网盘,同时视频下载地址已经更新到 EasyHadoop技术大学 页面。 http://t.cn/zY8JjWq
'3552372809074331,http://api.t.sina.com.cn/1190138021/statuses/3552372809074331,数据挖掘_PHP,赵俊利---宇初网络,1,0,2013-03-05 06:12:19,@任我行V @boen1984    //@西祠响马: //@任勇_博士僧:m //@算文解字://@童小军_HD: Hadoop视频已经上传到百度网盘,同时视频下载地址已经更新到 EasyHadoop技术大学 页面。 http://t.cn/zY8JjWq
'3552372808737422,http://api.t.sina.com.cn/1526024143/statuses/3552372808737422,数据挖掘_PHP,贤遇,1,0,2013-03-05 06:12:20,转发微博
'3552371315130187,http://api.t.sina.com.cn/1308432422/statuses/3552371315130187,数据挖掘_PHP,易冷天涯,0,0,2013-03-05 06:06:24,//@西祠响马://@任勇_博士僧:m //@算文解字://@童小军_HD: Hadoop视频已经上传到百度网盘,同时视频下载地址已经更新到 EasyHadoop技术大学 页面。 http://t.cn/zY8JjWq
'3552370426317245,http://api.t.sina.com.cn/2041028560/statuses/3552370426317245,数据挖掘_PHP,西祠响马,13,3,2013-03-05 06:02:52,//@任勇_博士僧:m //@算文解字://@童小军_HD: Hadoop视频已经上传到百度网盘,同时视频下载地址已经更新到 EasyHadoop技术大学 页面。 http://t.cn/zY8JjWq
'3552362054605885,http://api.t.sina.com.cn/1916861255/statuses/3552362054605885,数据挖掘_PHP,任勇_博士僧,10,2,2013-03-05 05:29:36,m //@算文解字://@童小军_HD: Hadoop视频已经上传到百度网盘,同时视频下载地址已经更新到 EasyHadoop技术大学 页面。 http://t.cn/zY8JjWq
'3552346921391153,http://api.t.sina.com.cn/2920065744/statuses/3552346921391153,数据挖掘_PHP,之歌itachi1984,0,0,2013-03-05 04:29:28,//@HOT_IDEAL: //@LAMP人: @阿里云，百度云，@许式伟
'3552331213325057,http://api.t.sina.com.cn/1692667884/statuses/3552331213325057,数据挖掘_PHP,DayBiAo,0,3,2013-03-05 03:27:03,//@gycheng: //@算文解字://@童小军_HD: Hadoop视频已经上传到百度网盘,同时视频下载地址已经更新到 EasyHadoop技术大学 页面。 http://t.cn/zY8JjWq
'3552330970535016,http://api.t.sina.com.cn/1402446903/statuses/3552330970535016,数据挖掘_PHP,gycheng,1,0,2013-03-05 03:26:04,//@算文解字://@童小军_HD: Hadoop视频已经上传到百度网盘,同时视频下载地址已经更新到 EasyHadoop技术大学 页面。 http://t.cn/zY8JjWq
'3552324423562797,http://api.t.sina.com.cn/2867879661/statuses/3552324423562797,数据挖掘_PHP,小诺_pinocchio,0,0,2013-03-05 03:00:04,mark //@算文解字://@童小军_HD: Hadoop视频已经上传到百度网盘,同时视频下载地址已经更新到 EasyHadoop技术大学 页面。 http://t.cn/zY8JjWq
'3552321885432296,http://api.t.sina.com.cn/1706740980/statuses/3552321885432296,数据挖掘_PHP,Benjamin-SUN,0,0,2013-03-05 02:49:59,//@算文解字: //@童小军_HD: Hadoop视频已经上传到百度网盘,同时视频下载地址已经更新到 EasyHadoop技术大学 页面。 http://t.cn/zY8JjWq
'3552320698638806,http://api.t.sina.com.cn/1884715211/statuses/3552320698638806,数据挖掘_PHP,算文解字,7,1,2013-03-05 02:45:16,//@童小军_HD: Hadoop视频已经上传到百度网盘,同时视频下载地址已经更新到 EasyHadoop技术大学 页面。 http://t.cn/zY8JjWq
'3552318433641057,http://api.t.sina.com.cn/2067263253/statuses/3552318433641057,数据挖掘_PHP,肖雨彤__llolsabella,0,0,2013-03-05 02:36:16,//@童小军_HD:Hadoop视频已经上传到百度网盘,同时视频下载地址已经更新到 EasyHadoop技术大学 页面。 http://t.cn/zY8JjWq
'3552315077845360,http://api.t.sina.com.cn/1660626430/statuses/3552315077845360,数据挖掘_PHP,流沙河鱼,0,0,2013-03-05 02:22:56,good//@童小军_HD:Hadoop视频已经上传到百度网盘,同时视频下载地址已经更新到 EasyHadoop技术大学 页面。 http://t.cn/zY8JjWq
'3552311240420947,http://api.t.sina.com.cn/1829614915/statuses/3552311240420947,数据挖掘_PHP,Sser_Beats,0,0,2013-03-05 02:07:41,感谢分享！ //@童小军_HD: Hadoop视频已经上传到百度网盘,同时视频下载地址已经更新到 EasyHadoop技术大学 页面。 http://t.cn/zY8JjWq
'3552310913619239,http://api.t.sina.com.cn/2597330784/statuses/3552310913619239,数据挖掘_PHP,饭饭牌饭饭,0,0,2013-03-05 02:06:23,//@梁斌penny:虽不清楚情况，但支持一下//@童小军_HD: 从开源中来,到开源中去。EasyHadoop 成长要做的事情还太多。欢迎大家关注三月的EasyHadoop 第八次聚会。
'3552310649002249,http://api.t.sina.com.cn/1641422615/statuses/3552310649002249,数据挖掘_PHP,童小军_HD,20,12,2013-03-05 02:05:19,Hadoop视频已经上传到百度网盘,同时视频下载地址已经更新到 EasyHadoop技术大学 页面。 http://t.cn/zY8JjWq
'3552293985260625,http://api.t.sina.com.cn/1790668075/statuses/3552293985260625,数据挖掘_PHP,放眼山外更青山,0,0,2013-03-05 00:59:03,P2P
'3552290197432515,http://api.t.sina.com.cn/1363189391/statuses/3552290197432515,数据挖掘_PHP,边缘IT人,0,1,2013-03-05 00:44:05,//@云泉微博:@盼盼508  //@vinW:开淘宝卖也可以。数据有偿分享也好//@童小军_HD: 这部分视频是,我和刘刚老师共同录制的。具体开放形式我们内部商量商量。//@魔都帅帅: p2p一下~//@梁斌penny: 虽不清楚情况，但支持一下//@童小军_HD: 从开源中来,到开源中去。EasyHadoop 成长要做的事情还太多。
'3552285676198120,http://api.t.sina.com.cn/3108356601/statuses/3552285676198120,数据挖掘_PHP,pdssunny,0,0,2013-03-05 00:26:03,//@梁斌penny:虽不清楚情况，但支持一下//@童小军_HD: 从开源中来,到开源中去。EasyHadoop 成长要做的事情还太多。欢迎大家关注三月的EasyHadoop 第八次聚会。
'3552285160001780,http://api.t.sina.com.cn/1215077673/statuses/3552285160001780,数据挖掘_PHP,闻斯行猪,0,0,2013-03-05 00:24:02,哈哈，小军你太给力了！//@童小军_HD:这部分视频是,我和刘刚老师共同录制的。具体开放形式我们内部商量商量。//@魔都帅帅: p2p一下~//@梁斌penny: 虽不清楚情况，但支持一下//@童小军_HD: 从开源中来,到开源中去。EasyHadoop 成长要做的事情还太多。欢迎大家关注三月的EasyHadoop 第八次聚会。
'3552282744654457,http://api.t.sina.com.cn/1894749741/statuses/3552282744654457,数据挖掘_PHP,听说你结婚啦,1,0,2013-03-05 00:14:25,支持 //@梁斌penny: 虽不清楚情况，但支持一下//@童小军_HD: 从开源中来,到开源中去。EasyHadoop 成长要做的事情还太多。欢迎大家关注三月的EasyHadoop 第八次聚会。
'3552282622779897,http://api.t.sina.com.cn/1568382261/statuses/3552282622779897,数据挖掘_PHP,丫头3285,0,0,2013-03-05 00:13:54, //@童小军_HD: 从开源中来,到开源中去。EasyHadoop 成长要做的事情还太多。欢迎大家关注三月的EasyHadoop 第八次聚会。
'3552278441123402,http://api.t.sina.com.cn/1652348983/statuses/3552278441123402,数据挖掘_PHP,闫钟峰,0,0,2013-03-04 23:57:20,//@山大蒋志方:[赞]
'3552277618565486,http://api.t.sina.com.cn/1650815844/statuses/3552277618565486,数据挖掘_PHP,可爱的胡胡,0,0,2013-03-04 23:54:03,//@梁斌penny:虽不清楚情况，但支持一下//@童小军_HD: 从开源中来,到开源中去。EasyHadoop 成长要做的事情还太多。欢迎大家关注三月的EasyHadoop 第八次聚会。
'3552275886882383,http://api.t.sina.com.cn/1973266505/statuses/3552275886882383,数据挖掘_PHP,似火繁星,0,0,2013-03-04 23:47:13,转发微博
'3552274906307135,http://api.t.sina.com.cn/2090814120/statuses/3552274906307135,数据挖掘_PHP,常立伟,0,0,2013-03-04 23:43:14,可以放到播布克
'3552274221394895,http://api.t.sina.com.cn/1879798982/statuses/3552274221394895,数据挖掘_PHP,liangyongjiang,0,0,2013-03-04 23:40:34,//@丛梓存: 转发微博
'3552273953287881,http://api.t.sina.com.cn/2804250725/statuses/3552273953287881,数据挖掘_PHP,琛琛小石匠,0,0,2013-03-04 23:39:30,//@vinW:开淘宝卖也可以。数据有偿分享也好//@童小军_HD: 这部分视频是,我和刘刚老师共同录制的。具体开放形式我们内部商量商量。//@魔都帅帅: p2p一下~//@梁斌penny: 虽不清楚情况，但支持一下//@童小军_HD: 从开源中来,到开源中去。EasyHadoop 成长要做的事情还太多。欢迎大家关注三月的EasyHadoop
'3552272921453094,http://api.t.sina.com.cn/3062496252/statuses/3552272921453094,数据挖掘_PHP,大数据分析与挖掘,0,0,2013-03-04 23:35:23,支持！[威武]//@GBASE数据库: 转发微博
'3552272409277704,http://api.t.sina.com.cn/2045859001/statuses/3552272409277704,数据挖掘_PHP,刘宇波bobo,0,0,2013-03-04 23:33:23,//@偷蚊子的玩敏捷: 看好你哦//@高雪: @加萌哟
'3552272132685178,http://api.t.sina.com.cn/2518404195/statuses/3552272132685178,数据挖掘_PHP,GBASE数据库,2,1,2013-03-04 23:32:14,转发微博
'3552270333141669,http://api.t.sina.com.cn/1884825957/statuses/3552270333141669,数据挖掘_PHP,随机法师,0,1,2013-03-04 23:25:08,转发微博
'3552269351827865,http://api.t.sina.com.cn/1197414500/statuses/3552269351827865,数据挖掘_PHP,zbyuanzhen,0,0,2013-03-04 23:21:14,//@梁斌penny: 虽不清楚情况，但支持一下//@童小军_HD: 从开源中来,到开源中去。EasyHadoop 成长要做的事情还太多。欢迎大家关注三月的EasyHadoop 第八次聚会。
'3552269238310172,http://api.t.sina.com.cn/2294778393/statuses/3552269238310172,数据挖掘_PHP,huangxiaozhuo,0,0,2013-03-04 23:20:47,//@广州青驴户外: //@ETwise:哈哈，作品无处不泄漏啊
'3552268496768180,http://api.t.sina.com.cn/2589255764/statuses/3552268496768180,数据挖掘_PHP,还是地雷,0,0,2013-03-04 23:17:49,@童小军_HD 给我价钱和支付宝，我要买一份。@tinyfool //@vinW:开淘宝卖也可以。数据有偿分享也好//@童小军_HD: 这部分视频是,我和刘刚老师共同录制的。具体开放形式我们内部商量商量。//@魔都帅帅: p2p一下~//@梁斌penny: 虽不清楚情况，但支持一下//@童小军_HD: 从开源中来,到开源中去。EasyHadoop 
'3552267972548296,http://api.t.sina.com.cn/1916141554/statuses/3552267972548296,数据挖掘_PHP,G蜀黍48,0,0,2013-03-04 23:15:45,不明觉厉//@流血的娃娃:支持[good]可惜在下VPS不给力呀，求扩散！@G蜀黍48
'3552267414104936,http://api.t.sina.com.cn/1761583707/statuses/3552267414104936,数据挖掘_PHP,小飞鱼_露,0,0,2013-03-04 23:13:29,转发微博
'3552267355729440,http://api.t.sina.com.cn/1171835693/statuses/3552267355729440,数据挖掘_PHP,流血的娃娃,1,0,2013-03-04 23:13:16,支持[good]可惜在下VPS不给力呀，求扩散！@G蜀黍48
'3552267200171216,http://api.t.sina.com.cn/1722786854/statuses/3552267200171216,数据挖掘_PHP,喜欢吃,0,0,2013-03-04 23:12:41,//@朱旭琪: 虽然无机会玩Hadoop，还是要MARK一下。想起很早之前我把一个师兄毕业离校留下的2个G的考研真题答案文档（也不知道他从哪里积累的，什么学校都有澹，按学校年份专业标识分类好，放在网上免费分享，结果被某些人拿到某些社区用于收费了，还被打上满屏水印，严重影响阅读。。唉。
'3552266268932850,http://api.t.sina.com.cn/1821692277/statuses/3552266268932850,数据挖掘_PHP,future_age,0,0,2013-03-04 23:08:59,//@梁斌penny:虽不清楚情况，但支持一下//@童小军_HD: 从开源中来,到开源中去。EasyHadoop 成长要做的事情还太多。欢迎大家关注三月的EasyHadoop 第八次聚会。
'3552266025635288,http://api.t.sina.com.cn/2774218561/statuses/3552266025635288,数据挖掘_PHP,米汤008,0,1,2013-03-04 23:08:01,还有这事？@童小军_HD  //@童小军_HD:这部分视频是,我和刘刚老师共同录制的。具体开放形式我们内部商量商量。//@魔都帅帅: p2p一下~//@梁斌penny: 虽不清楚情况，但支持一下//@童小军_HD: 从开源中来,到开源中去。EasyHadoop 成长要做的事情还太多。欢迎大家关注三月的EasyHadoop 第八次聚会。
'3552265929155007,http://api.t.sina.com.cn/1802175850/statuses/3552265929155007,数据挖掘_PHP,小米粒儿Tao,0,0,2013-03-04 23:07:37,支持开源
'3552265790985265,http://api.t.sina.com.cn/1418506751/statuses/3552265790985265,数据挖掘_PHP,冬日的阳光zy,0,0,2013-03-04 23:07:06,@微盘 赶紧的~~//@高峡之数据时代: 分享才是社交的实质，顶童总！//@童小军_HD: 这部分视频是,我和刘刚老师共同录制的。具体开放形式我们内部商量商量。//@魔都帅帅: p2p一下~//@梁斌penny: 虽不清楚情况，但支持一下//@童小军_HD: 从开源中来,到开源中去。EasyHadoop 成长要做的事情还太多。欢迎大家
'3552265295743028,http://api.t.sina.com.cn/1883864570/statuses/3552265295743028,数据挖掘_PHP,BusinessInsight,0,0,2013-03-04 23:05:07,不明觉厉//@童小军_HD: 这部分视频是,我和刘刚老师共同录制的。具体开放形式我们内部商量商量。//@魔都帅帅: p2p一下~//@梁斌penny: 虽不清楚情况，但支持一下//@童小军_HD: 从开源中来,到开源中去。EasyHadoop 成长要做的事情还太多。欢迎大家关注三月的EasyHadoop 第八次聚会。
'3552265249600364,http://api.t.sina.com.cn/1896490821/statuses/3552265249600364,数据挖掘_PHP,rickyliu1989,0,0,2013-03-04 23:04:53,[good]
'3552264914649474,http://api.t.sina.com.cn/1708790235/statuses/3552264914649474,数据挖掘_PHP,xcrossed,0,0,2013-03-04 23:03:36,//@ZoomQuiet:#是也乎#可以同视频网站合作独家什么的哪,,,//@vinW: 开淘宝卖也可以。数据有偿分享也好//@童小军_HD: 这部分视频是,我和刘刚老师共同录制的。具体开放形式我们内部商量商量。从开源中来,到开源中去。EasyHadoop 成长要做的事情还太多。欢迎大家关注三月的EasyHadoop
'3552264754616001,http://api.t.sina.com.cn/1883864570/statuses/3552264754616001,数据挖掘_PHP,BusinessInsight,0,0,2013-03-04 23:02:58,这个要顶起//@数据可视化Tableau: 赞！
'3552264751163031,http://api.t.sina.com.cn/1712209151/statuses/3552264751163031,数据挖掘_PHP,jason蛋,0,0,2013-03-04 23:02:57,mark
'3552264381279905,http://api.t.sina.com.cn/1081380021/statuses/3552264381279905,数据挖掘_PHP,sayyanfu,0,0,2013-03-04 23:01:29,转发微博
'3552264343526811,http://api.t.sina.com.cn/1701130571/statuses/3552264343526811,数据挖掘_PHP,gzyang43,0,0,2013-03-04 23:01:20,//@梁斌penny: 虽不清楚情况，但支持一下//@童小军_HD: 从开源中来,到开源中去。EasyHadoop 成长要做的事情还太多。欢迎大家关注三月的EasyHadoop 第八次聚会。
'3552263551320847,http://api.t.sina.com.cn/1866810597/statuses/3552263551320847,数据挖掘_PHP,小浩生活家,0,0,2013-03-04 22:58:11,分享了
'3552263513476273,http://api.t.sina.com.cn/3196853784/statuses/3552263513476273,数据挖掘_PHP,数据可视化Tableau,1,0,2013-03-04 22:58:01,赞！
'3552263094573167,http://api.t.sina.com.cn/1246524885/statuses/3552263094573167,数据挖掘_PHP,摩诘居士王维,0,0,2013-03-04 22:56:20,好人好事//@ETwise: 哈哈，作品无处不泄漏啊
'3552262808491712,http://api.t.sina.com.cn/1026148364/statuses/3552262808491712,数据挖掘_PHP,孟繁永,0,0,2013-03-04 22:55:13,那就放YouTube //@vinW:开淘宝卖也可以。数据有偿分享也好 //@童小军_HD: 这部分视频是,我和刘刚老师共同录制的。具体开放形式我们内部商量商量。 //@魔都帅帅: p2p一下~ //@梁斌penny: 虽不清楚情况，但支持一下
'3552262531634882,http://api.t.sina.com.cn/2208321250/statuses/3552262531634882,数据挖掘_PHP,HOT_IDEAL,1,0,2013-03-04 22:54:08,//@LAMP人: @阿里云，百度云，@许式伟
'3552262493881963,http://api.t.sina.com.cn/1753055394/statuses/3552262493881963,数据挖掘_PHP,有文不艺,0,0,2013-03-04 22:54:00,@加百不会飞 //@梁斌penny: 虽不清楚情况，但支持一下//@童小军_HD: 从开源中来,到开源中去。EasyHadoop 成长要做的事情还太多。欢迎大家关注三月的EasyHadoop 第八次聚会。
'3552262486144151,http://api.t.sina.com.cn/2864140044/statuses/3552262486144151,数据挖掘_PHP,山大蒋志方,2,1,2013-03-04 22:53:57,[赞]
'3552262447739053,http://api.t.sina.com.cn/1654661840/statuses/3552262447739053,数据挖掘_PHP,慕尼黑酒馆RB,0,0,2013-03-04 22:53:48,[mark] 你搜 Hadoop in Action, hadoop权威指南，hadoop Mapreduce cookbook //@曦_MADAO: @慕尼黑酒馆RB 实战HD//@vinW:回复@Easy:转 //@Easy:视频放优酷，文件放微盘就可以了吧 //@vinW:转 @easy SAE 上放不放得了哈？
'3552261831623229,http://api.t.sina.com.cn/1647202997/statuses/3552261831623229,数据挖掘_PHP,后知后觉的致豪,0,0,2013-03-04 22:51:21,//@丛梓存: 转发微博
'3552261420533438,http://api.t.sina.com.cn/1893488697/statuses/3552261420533438,数据挖掘_PHP,罗大维,0,0,2013-03-04 22:49:43,国内有没有开放的Hadoop 集群？//@童小军_HD: 这部分视频是,我和刘刚老师共同录制的。具体开放形式我们内部商量商量。//@魔都帅帅: p2p一下~//@梁斌penny: 虽不清楚情况，但支持一下//@童小军_HD: 从开源中来,到开源中去。EasyHadoop 成长要做的事情还太多。欢迎大家关注三月的EasyHadoop 第八次聚会。
'3552261231767326,http://api.t.sina.com.cn/1729619045/statuses/3552261231767326,数据挖掘_PHP,智慧背囊飞,0,0,2013-03-04 22:48:56,太给力了，实时关注到底公开不？/@vinW: 开淘宝卖也可以。数据有偿分享也好//@童小军_HD: 这部分视频是,我和刘刚老师共同录制的。具体开放形式我们内部商量商量。//@魔都帅帅: p2p一下~//@梁斌penny: 虽不清楚情况，但支持一下//@童小军_HD: 从。欢迎大家关注三月的EasyHadoop
'3552260774276559,http://api.t.sina.com.cn/2109016221/statuses/3552260774276559,数据挖掘_PHP,媛琼_,1,0,2013-03-04 22:47:06, //@梁斌penny: 虽不清楚情况，但支持一下//@童小军_HD: 从开源中来,到开源中去。EasyHadoop 成长要做的事情还太多。欢迎大家关注三月的EasyHadoop 第八次聚会。
'3552260577831111,http://api.t.sina.com.cn/1706740980/statuses/3552260577831111,数据挖掘_PHP,Benjamin-SUN,0,0,2013-03-04 22:46:20,//@梁斌penny:虽不清楚情况，但支持一下//@童小军_HD: 从开源中来,到开源中去。EasyHadoop 成长要做的事情还太多。欢迎大家关注三月的EasyHadoop 第八次聚会。
'3552260300263721,http://api.t.sina.com.cn/1768295443/statuses/3552260300263721,数据挖掘_PHP,LAMP人,1,0,2013-03-04 22:45:15, @阿里云，百度云，@许式伟
'3552259650588694,http://api.t.sina.com.cn/1494744687/statuses/3552259650588694,数据挖掘_PHP,smart打字员,0,0,2013-03-04 22:42:40,可以放到优库之类网站的或者网盘，如果是真想无私分享。 //@梁斌penny:虽不清楚情况，但支持一下 //@童小军_HD: 从开源中来,到开源中去。EasyHadoop 成长要做的事情还太多。欢迎大家关注三月的EasyHadoop 第八次聚会。
'3552259617030664,http://api.t.sina.com.cn/2322043670/statuses/3552259617030664,数据挖掘_PHP,Absolut朱炜立,0,0,2013-03-04 22:42:33,转发微博
'3552259298226421,http://api.t.sina.com.cn/1660626430/statuses/3552259298226421,数据挖掘_PHP,流沙河鱼,0,0,2013-03-04 22:41:17,//@童小军_HD: 这部分视频是,我和刘刚老师共同录制的。具体开放形式我们内部商量商量。//@魔都帅帅: p2p一下~//@梁斌penny: 虽不清楚情况，但支持一下//@童小军_HD: 从开源中来,到开源中去。EasyHadoop 成长要做的事情还太多。欢迎大家关注三月的EasyHadoop 第八次聚会。
'3552259294422586,http://api.t.sina.com.cn/1400936805/statuses/3552259294422586,数据挖掘_PHP,ZoomQuiet,2,0,2013-03-04 22:41:14,#是也乎#可以同视频网站合作独家什么的哪,,,//@vinW: 开淘宝卖也可以。数据有偿分享也好//@童小军_HD: 这部分视频是,我和刘刚老师共同录制的。具体开放形式我们内部商量商量。从开源中来,到开源中去。EasyHadoop 成长要做的事情还太多。欢迎大家关注三月的EasyHadoop
'3552259117593197,http://api.t.sina.com.cn/2063557737/statuses/3552259117593197,数据挖掘_PHP,丛梓存,2,0,2013-03-04 22:40:32,转发微博
'3552258627454021,http://api.t.sina.com.cn/1403821510/statuses/3552258627454021,数据挖掘_PHP,豆宥,0,0,2013-03-04 22:38:36,顶起 开放之日请告知 谢谢//@童小军_HD: 这部分视频是,我和刘刚老师共同录制的。具体开放形式我们内部商量商量。//@魔都帅帅: p2p一下~//@梁斌penny: 虽不清楚情况，但支持一下//@童小军_HD: 从开源中来,到开源中去。EasyHadoop 成长要做的事情还太多。欢迎大家关注三月的EasyHadoop 第八次聚会。
'3552258556127997,http://api.t.sina.com.cn/1638919381/statuses/3552258556127997,数据挖掘_PHP,YanGazda,0,0,2013-03-04 22:38:17,//@vinW:开淘宝卖也可以。数据有偿分享也好//@童小军_HD: 这部分视频是,我和刘刚老师共同录制的。具体开放形式我们内部商量商量。//@魔都帅帅: p2p一下~//@梁斌penny: 虽不清楚情况，但支持一下//@童小军_HD: 从开源中来,到开源中去。EasyHadoop 成长要做的事情还太多。欢迎大家关注三月的EasyHadoop
'3552258443338870,http://api.t.sina.com.cn/1198150764/statuses/3552258443338870,数据挖掘_PHP,高峡之数据时代,1,0,2013-03-04 22:37:53,分享才是社交的实质，顶童总！//@童小军_HD: 这部分视频是,我和刘刚老师共同录制的。具体开放形式我们内部商量商量。//@魔都帅帅: p2p一下~//@梁斌penny: 虽不清楚情况，但支持一下//@童小军_HD: 从开源中来,到开源中去。EasyHadoop 成长要做的事情还太多。欢迎大家关注三月的EasyHadoop 第八次聚会。
'3552258047919671,http://api.t.sina.com.cn/1658066713/statuses/3552258047919671,数据挖掘_PHP,赵乐天,0,1,2013-03-04 22:36:19,我有一台百兆带宽的机器可以分流 //@童小军_HD: 这部分视频是,我和刘刚老师共同录制的。具体开放形式我们内部商量商量。//@魔都帅帅: p2p一下~//@梁斌penny: 虽不清楚情况，但支持一下//@童小军_HD: 从开源中来,到开源中去。EasyHadoop 成长要做的事情还太多。欢迎大家关注三月的E
'3552258022750558,http://api.t.sina.com.cn/1762687261/statuses/3552258022750558,数据挖掘_PHP,偷蚊子的玩敏捷,1,2,2013-03-04 22:36:09,看好你哦//@高雪: @加萌哟
'3552257982207551,http://api.t.sina.com.cn/1771392202/statuses/3552257982207551,数据挖掘_PHP,朱旭琪,1,0,2013-03-04 22:36:00,虽然无机会玩Hadoop，还是要MARK一下。想起很早之前我把一个师兄毕业离校留下的2个G的考研真题答案文档（也不知道他从哪里积累的，什么学校都有澹，按学校年份专业标识分类好，放在网上免费分享，结果被某些人拿到某些社区用于收费了，还被打上满屏水印，严重影响阅读。。唉。
'3552257876189058,http://api.t.sina.com.cn/1876657081/statuses/3552257876189058,数据挖掘_PHP,即将老男孩,0,0,2013-03-04 22:35:37,转发微博
'3552257699751400,http://api.t.sina.com.cn/1721371132/statuses/3552257699751400,数据挖掘_PHP,云泉微博,1,0,2013-03-04 22:34:56, @盼盼508  //@vinW:开淘宝卖也可以。数据有偿分享也好//@童小军_HD: 这部分视频是,我和刘刚老师共同录制的。具体开放形式我们内部商量商量。//@魔都帅帅: p2p一下~//@梁斌penny: 虽不清楚情况，但支持一下//@童小军_HD: 从开源中来,到开源中去。EasyHadoop 成长要做的事情还太多。欢迎大家关注三月的
'3552257569974301,http://api.t.sina.com.cn/1214621502/statuses/3552257569974301,数据挖掘_PHP,雪山肥熊,0,0,2013-03-04 22:34:23,//@梁斌penny: 虽不清楚情况，但支持一下//@童小军_HD: 从开源中来,到开源中去。EasyHadoop 成长要做的事情还太多。欢迎大家关注三月的EasyHadoop 第八次聚会。
'3552257314484717,http://api.t.sina.com.cn/2261889254/statuses/3552257314484717,数据挖掘_PHP,涂糊民工,0,0,2013-03-04 22:33:23,//@梁斌penny:虽不清楚情况，但支持一下//@童小军_HD: 从开源中来,到开源中去。EasyHadoop 成长要做的事情还太多。欢迎大家关注三月的EasyHadoop 第八次聚会。
'3552257293507130,http://api.t.sina.com.cn/1541603965/statuses/3552257293507130,数据挖掘_PHP,vinW,7,3,2013-03-04 22:33:20,开淘宝卖也可以。数据有偿分享也好//@童小军_HD: 这部分视频是,我和刘刚老师共同录制的。具体开放形式我们内部商量商量。//@魔都帅帅: p2p一下~//@梁斌penny: 虽不清楚情况，但支持一下//@童小军_HD: 从开源中来,到开源中去。EasyHadoop 成长要做的事情还太多。欢迎大家关注三月的EasyHadoop
'3552257020712464,http://api.t.sina.com.cn/2008080057/statuses/3552257020712464,数据挖掘_PHP,上海乌青块,0,0,2013-03-04 22:32:12,谢谢分享，但是也要学习如何防止被盗啊！请参考www.vtc.com
'3552256929025749,http://api.t.sina.com.cn/1939800450/statuses/3552256929025749,数据挖掘_PHP,脆皮软心壮壮,0,2,2013-03-04 22:31:52, @吴昊8736 学习学习
'3552256764573246,http://api.t.sina.com.cn/1641422615/statuses/3552256764573246,数据挖掘_PHP,童小军_HD,9,11,2013-03-04 22:31:13,这部分视频是,我和刘刚老师共同录制的。具体开放形式我们内部商量商量。//@魔都帅帅: p2p一下~//@梁斌penny: 虽不清楚情况，但支持一下//@童小军_HD: 从开源中来,到开源中去。EasyHadoop 成长要做的事情还太多。欢迎大家关注三月的EasyHadoop 第八次聚会。
'3552256668348758,http://api.t.sina.com.cn/1404601825/statuses/3552256668348758,数据挖掘_PHP,陈阿荣,0,0,2013-03-04 22:30:49,支持 //@梁斌penny: 虽不清楚情况，但支持一下//@童小军_HD: 从开源中来,到开源中去。EasyHadoop 成长要做的事情还太多。欢迎大家关注三月的EasyHadoop 第八次聚会。
'3552256408271304,http://api.t.sina.com.cn/1056681340/statuses/3552256408271304,数据挖掘_PHP,魔都帅帅,1,1,2013-03-04 22:29:48,p2p一下~//@梁斌penny: 虽不清楚情况，但支持一下//@童小军_HD: 从开源中来,到开源中去。EasyHadoop 成长要做的事情还太多。欢迎大家关注三月的EasyHadoop 第八次聚会。
'3552256396157793,http://api.t.sina.com.cn/1346984584/statuses/3552256396157793,数据挖掘_PHP,曦_MADAO,1,1,2013-03-04 22:29:45,@慕尼黑酒馆RB 实战HD//@vinW:回复@Easy:转 //@Easy:视频放优酷，文件放微盘就可以了吧 //@vinW:转 @easy SAE 上放不放得了哈？
'3552256366323290,http://api.t.sina.com.cn/1771395810/statuses/3552256366323290,数据挖掘_PHP,徐老诚实,0,0,2013-03-04 22:29:39,支持//@梁斌penny: 虽不清楚情况，但支持一下//@童小军_HD: 从开源中来,到开源中去。EasyHadoop 成长要做的事情还太多。欢迎大家关注三月的EasyHadoop 第八次聚会。
'3552256131845456,http://api.t.sina.com.cn/2839172895/statuses/3552256131845456,数据挖掘_PHP,today-tomorrow2010,0,0,2013-03-04 22:28:39,//@梁斌penny:虽不清楚情况，但支持一下//@童小军_HD: 从开源中来,到开源中去。EasyHadoop 成长要做的事情还太多。欢迎大家关注三月的EasyHadoop 第八次聚会。
'3552255884305685,http://api.t.sina.com.cn/1432923947/statuses/3552255884305685,数据挖掘_PHP,paroca,0,0,2013-03-04 22:27:41, //@梁斌penny: 虽不清楚情况，但支持一下//@童小军_HD: 从开源中来,到开源中去。EasyHadoop 成长要做的事情还太多。欢迎大家关注三月的EasyHadoop 第八次聚会。
'3552255792226483,http://api.t.sina.com.cn/2610201555/statuses/3552255792226483,数据挖掘_PHP,余木楼,0,0,2013-03-04 22:27:20,转发微博
'3552255501939422,http://api.t.sina.com.cn/1497035431/statuses/3552255501939422,数据挖掘_PHP,梁斌penny,21,2,2013-03-04 22:26:12,虽不清楚情况，但支持一下//@童小军_HD: 从开源中来,到开源中去。EasyHadoop 成长要做的事情还太多。欢迎大家关注三月的EasyHadoop 第八次聚会。
'3552255263354676,http://api.t.sina.com.cn/1641422615/statuses/3552255263354676,数据挖掘_PHP,童小军_HD,2,2,2013-03-04 22:25:15,从开源中来,到开源中去。EasyHadoop 成长要做的事情还太多。欢迎大家关注三月的EasyHadoop 第八次聚会。
'3552254885823562,http://api.t.sina.com.cn/1764754193/statuses/3552254885823562,数据挖掘_PHP,巨卜,0,0,2013-03-04 22:23:45,排序高手。。
'3552253778143165,http://api.t.sina.com.cn/2553309720/statuses/3552253778143165,数据挖掘_PHP,西山居-吴鹏,0,0,2013-03-04 22:19:19,功德啊！//@vinW: 回复@Easy:转 //@Easy:视频放优酷，文件放微盘就可以了吧 //@vinW:转 @easy SAE 上放不放得了哈？
'3552253459338841,http://api.t.sina.com.cn/1810873887/statuses/3552253459338841,数据挖掘_PHP,genggeng耿耿,0,0,2013-03-04 22:18:03,支持下。。。
'3552253161509544,http://api.t.sina.com.cn/1916873791/statuses/3552253161509544,数据挖掘_PHP,脚踏实地的地才,0,0,2013-03-04 22:16:51,转发微博
'3552253124765319,http://api.t.sina.com.cn/1220349643/statuses/3552253124765319,数据挖掘_PHP,猪你会飞吗,0,0,2013-03-04 22:16:44,难怪群上看到广告了。。
'3552252335899426,http://api.t.sina.com.cn/2027808887/statuses/3552252335899426,数据挖掘_PHP,陆经纬_潜龙,0,0,2013-03-04 22:13:35,学雷锋，帮你转。人家辛苦录制的，有收获还是应捐助的。可惜现在俺没服务器供下载了。
'3552252071380699,http://api.t.sina.com.cn/1655328570/statuses/3552252071380699,数据挖掘_PHP,假如爱有天意__,0,0,2013-03-04 22:12:33,支持一下，
'3552252012653819,http://api.t.sina.com.cn/1743536187/statuses/3552252012653819,数据挖掘_PHP,FNST邵贤军,0,0,2013-03-04 22:12:20,无良奸商//@ETwise: 哈哈，作品无处不泄漏啊
'3552251937147001,http://api.t.sina.com.cn/1541603965/statuses/3552251937147001,数据挖掘_PHP,vinW,2,0,2013-03-04 22:12:02,回复@Easy:转 //@Easy:视频放优酷，文件放微盘就可以了吧 //@vinW:转 @easy SAE 上放不放得了哈？
'3552251873970657,http://api.t.sina.com.cn/1790514555/statuses/3552251873970657,数据挖掘_PHP,wI桐,0,0,2013-03-04 22:11:47,支持
'3552251429322713,http://api.t.sina.com.cn/1645840653/statuses/3552251429322713,数据挖掘_PHP,高雪,1,0,2013-03-04 22:10:01,@加萌哟
'3552251408604003,http://api.t.sina.com.cn/1913112242/statuses/3552251408604003,数据挖掘_PHP,广州青驴户外,1,0,2013-03-04 22:09:56,//@ETwise:哈哈，作品无处不泄漏啊
'3552251144332073,http://api.t.sina.com.cn/1927724631/statuses/3552251144332073,数据挖掘_PHP,ETwise,3,3,2013-03-04 22:08:52,哈哈，作品无处不泄漏啊
'3552250569907168,http://api.t.sina.com.cn/1614044841/statuses/3552250569907168,数据挖掘_PHP,sky727,0,0,2013-03-04 22:06:36,转发微博
'3552250544738772,http://api.t.sina.com.cn/2422148190/statuses/3552250544738772,数据挖掘_PHP,wangcgo,0,0,2013-03-04 22:06:30,转发微博
