ga:source,ga:keyword,ga:visits
(direct),(not set),103
www.google.com.hk,(not set),30
google,(not provided),20
www.google.com,(not set),11
webdataanalysis.net,(not set),10
baidu,cloga网站分析,7
rokie.ueuo.com,(not set),7
xiaoq.in,(not set),7
jiyang.me,(not set),5
app.wumii.com,(not set),4
google,cloga utma,4
www.baidu.com,(not set),4
www.google.com.tw,(not set),4
baidu,gaiq官方培训视频繁体字幕版,3
baidu,ga时间跟踪,3
google,gephi,3
google,var piwik2,3
s.weibo.com,(not set),3
baidu,_trackevent,2
baidu,advanced web metrics with google analytics 3nd,2
baidu,cloga,2
baidu,gatc 在哪修改,2
baidu,google translator toolkit,2
baidu,translator toolkit,2
blog.csdn.net,(not set),2
blog.digitalforest.cn,(not set),2
bluewhale.cc,(not set),2
exmail.qq.com,(not set),2
glb.uc.cn,(not set),2
google,ga 追踪商务通,2
google,piwik.js 分析,2
google,传播图,2
google,网络分析,2
sogou,cloga.info,2
www.chinaz.com,(not set),2
www.goo.gl/Qv87f,(not set),2
www.lesliewa.com,(not set),2
www.robinli007.com,(not set),2
www.szwebanalytics.com,(not set),2
360,google gtt,1
360,sem excel计算,1
360,谷歌译者工具包怎么新建翻译记忆库,1
74.125.128.160,(not set),1
baidu,_trackpageview,1
baidu,advanced web metrics with google analytics,1
baidu,attribution modeling,1
baidu,chrome javascript的debugger,1
baidu,cloga.info,1
baidu,excel sem,1
baidu,excel 如何求sem,1
baidu,ga _trackpageview 怎么定义,1
baidu,gaiq在线课程,1
baidu,gatc,1
baidu,gatc的方法,1
baidu,ga站内搜索参数设置,1
baidu,ga虚拟url追踪,1
baidu,ga设置子域,1
baidu,ga跟踪二级域名,1
baidu,gephi api,1
baidu,gephi 分词,1
baidu,gephi 数据分析,1
baidu,geturl("javascript:_gaq.push,1
baidu,google analytics debugger 安装,1
baidu,google gtt 翻译,1
baidu,google translation toolkit 翻墙,1
baidu,google translator toolkit翻译到哪里了,1
baidu,google 基准报告,1
baidu,google翻译记忆库,1
baidu,javascript debugger chrome,1
baidu,python 爬虫工具解析,1
baidu,sem excel小工具,1
baidu,sem求算公式,1
baidu,sem计算公式excel,1
baidu,skyglue,1
baidu,trackpageview,1
baidu,urlencode 工具,1
baidu,yifan hu gephi,1
baidu,浏览量 虚拟,1
baidu,网站 如何归因建模,1
baidu,翻译工具包 术语库 0,1
baidu,蓝鲸的网站分析 python,1
baidu,虚拟页面浏览,1
bing,微博传播分析图,1
blog.epromotor.info,(not set),1
code.google.com,(not set),1
google,_addignoredref 使用,1
google,as3 跟踪事件,1
google,attribution modeling,1
google,bluehost 中国打不开,1
google,brian clifton 页面标签技术 日志文件技术 在线,1
google,clickstream 开源工具,1
google,cloga,1
google,community detection 2012,1
google,decode 网站,1
google,excel concatenate 与 & 的区别,1
google,flash 事件,1
google,flash事件,1
google,ga api,1
google,ga engagement flow 错误,1
google,ga 电子商务,1
google,ga数据api,1
google,gephi 帮助,1
google,gephi 流程,1
google,gephi支持中文标签,1
google,gephi的应用,1
google,google analysis 抽样,1
google,google analytics 网关,1
google,google analytics导航摘要,1
google,gvedit,1
google,gvedit 用途,1
google,javascript 鼠标 轨迹 分析,1
google,moses gephi plugin,1
google,multirelational,1
google,owa网页代码,1
google,parse_qsl输出结果出乱码,1
google,parse_qs结果出乱码,1
google,piwik api php 怎么用,1
google,piwik 技术支持文档,1
google,piwik分析,1
google,pygraphviz 有向图,1
google,python email 爬x,1
google,python写的网站源码,1
google,tag manager是什么,1
google,translator toolkit,1
google,trendalyzer软件下载,1
google,传播路径图,1
google,制定ga监测跟踪方案,1
google,复杂过滤条件 与 或,1
google,归因建模,1
google,微博上面的数据分析图是如何制作的,1
google,微博传播路径图,1
google,微博传播路径图 r语言,1
google,微博传播路径插件,1
google,报表 维度 指标,1
google,W站分析,1
google,计算 自我网络 中介中心性,1
google,访问流 ga 不可能的路径,1
google,谷歌分析 加权排序,1
google,高级网站测量 - brian,1
hi.baidu.com,(not set),1
itweb.me,(not set),1
jackbigapple-web-notebook.blogspot.com,(not set),1
jackbigapple-web-notebook.blogspot.hk,(not set),1
jackbigapple-web-notebook.blogspot.sg,(not set),1
rd.wechatapp.com,(not set),1
tool.chinaz.com,(not set),1
webqq.qq.com,(not set),1
weibo.com,(not set),1
www.analyticskey.com,(not set),1
www.bidwhy.com,(not set),1
www.clecal.com,(not set),1
www.google.com.sg,(not set),1
www.jackieluo.info,(not set),1
www.yihkung.com,(not set),1
yuli.in,(not set),1